voltage,name,Area,Zone,idx,sh_terminals,trafos
110.0,virtual terminal,AT33,AT332,ElmTerm_virtual_0001,POINT (11.4499242 47.2662317),[]
110.0,virtual terminal,AT31,AT312,ElmTerm_virtual_0002,POINT (14.3389278 48.3223391),[]
220.0,virtual terminal,AT13,AT130,ElmTerm_virtual_0003,POINT (16.4267171 48.1399689),[]
380.0,virtual terminal,AT12,AT127,ElmTerm_virtual_0004,POINT (16.6916854 48.0309091),[]
220.0,virtual terminal,AT33,AT332,ElmTerm_virtual_0005,POINT (11.1027179 47.2939609),[]
220.0,tieline terminal,TL,TL,ElmTerm_tieline_0001,POINT (11.2656267 47.4012553),[]
110.0,virtual terminal,AT12,AT127,ElmTerm_virtual_0006,POINT (16.6195213 48.0264473),[]
380.0,virtual terminal,AT12,AT126,ElmTerm_virtual_0007,POINT (16.5166899 48.3377993),[]
380.0,virtual terminal,AT12,AT127,ElmTerm_virtual_0008,POINT (16.6469155 48.1195311),[]
380.0,virtual terminal,AT12,AT127,ElmTerm_virtual_0009,POINT (16.6822111 48.0757396),[]
380.0,virtual terminal,AT12,AT123,ElmTerm_virtual_0010,POINT (15.6931378 48.2271673),[]
220.0,virtual terminal,AT12,AT121,ElmTerm_virtual_0011,POINT (15.0641549 48.1880709),[]
110.0,virtual terminal,AT32,AT323,ElmTerm_virtual_0012,POINT (12.9599849 47.7813627),[]
110.0,virtual terminal,AT31,AT313,ElmTerm_virtual_0013,POINT (14.4942446 48.3573113),[]
110.0,virtual terminal,AT31,AT315,ElmTerm_virtual_0014,POINT (13.804198 47.9824591),[]
110.0,virtual terminal,AT33,AT332,ElmTerm_virtual_0015,POINT (11.3961173 47.2364742),[]
110.0,floating end terminal,AT33,AT332,ElmTerm_0597,POINT (11.3423473 47.137291),[]
110.0,virtual terminal,AT33,AT332,ElmTerm_virtual_0016,POINT (11.4309952 47.1882045),[]
110.0,virtual terminal,AT33,AT335,ElmTerm_virtual_0017,POINT (11.8305578 47.4057307),[]
220.0,virtual terminal,AT34,AT342,ElmTerm_virtual_0018,POINT (9.684559500000001 47.2036543),[]
110.0,virtual terminal,AT31,AT312,ElmTerm_virtual_0019,POINT (14.386722 48.2270452),[]
110.0,virtual terminal,AT31,AT312,ElmTerm_virtual_0020,POINT (14.4141526 48.1970276),[]
110.0,virtual terminal,AT31,AT312,ElmTerm_virtual_0021,POINT (14.3969355 48.2315851),[]
110.0,virtual terminal,AT31,AT312,ElmTerm_virtual_0022,POINT (14.3732941 48.2600208),[]
110.0,floating end terminal,AT31,AT311,ElmTerm_0598,POINT (12.8425271 48.0292781),[]
110.0,virtual terminal,AT31,AT311,ElmTerm_virtual_0023,POINT (12.9913756 48.0958916),[]
110.0,virtual terminal,AT31,AT312,ElmTerm_virtual_0024,POINT (14.2085294 48.2207298),[]
110.0,floating end terminal,AT12,AT121,ElmTerm_0599,POINT (14.4685429 48.0987687),[]
110.0,virtual terminal,AT31,AT312,ElmTerm_virtual_0025,POINT (14.4709118 48.1865166),[]
110.0,virtual terminal,AT31,AT312,ElmTerm_virtual_0026,POINT (14.3950047 48.2307829),[]
110.0,virtual terminal,AT31,AT312,ElmTerm_virtual_0027,POINT (14.4191576 48.1903337),[]
110.0,virtual terminal,AT12,AT121,ElmTerm_virtual_0028,POINT (14.5880929 48.0931932),[]
110.0,virtual terminal,AT12,AT121,ElmTerm_virtual_0029,POINT (14.4732203 48.081223),[]
110.0,virtual terminal,AT31,AT314,ElmTerm_virtual_0030,POINT (14.4566952 48.0458778),[]
110.0,virtual terminal,AT31,AT314,ElmTerm_virtual_0031,POINT (14.4572063 48.040573),[]
110.0,virtual terminal,AT32,AT323,ElmTerm_virtual_0032,POINT (13.0064318 47.8740656),[]
220.0,virtual terminal,AT31,AT311,ElmTerm_virtual_0033,POINT (13.7006041 48.1740237),[]
110.0,tieline terminal,TL,TL,ElmTerm_tieline_0002,POINT (10.653606 47.5678825),[]
220.0,virtual terminal,AT31,AT312,ElmTerm_virtual_0034,POINT (14.4690748 48.1083091),[]
110.0,virtual terminal,AT31,AT312,ElmTerm_virtual_0035,POINT (14.0621819 48.2014539),[]
110.0,virtual terminal,AT12,AT124,ElmTerm_virtual_0036,POINT (15.6873767 48.4104722),[]
110.0,virtual terminal,AT12,AT124,ElmTerm_virtual_0037,POINT (15.6211792 48.4069316),[]
110.0,virtual terminal,AT12,AT124,ElmTerm_virtual_0038,POINT (15.6811672 48.3964801),[]
110.0,virtual terminal,AT31,AT312,ElmTerm_virtual_0039,POINT (14.071869 48.1689381),[]
380.0,tieline terminal,TL,TL,ElmTerm_tieline_0004,POINT (9.810249499999999 47.6554385),[]
110.0,virtual terminal,AT22,AT221,ElmTerm_virtual_0041,POINT (15.4176262 47.0956645),[]
110.0,virtual terminal,AT12,AT126,ElmTerm_virtual_0042,POINT (16.3163784 48.3636789),[]
110.0,virtual terminal,AT12,AT126,ElmTerm_virtual_0043,POINT (16.3319875 48.3585135),[]
110.0,tieline terminal,TL,TL,ElmTerm_tieline_0005,POINT (12.1308481 47.7440481),[]
220.0,virtual terminal,AT21,AT211,ElmTerm_virtual_0045,POINT (14.0249895 46.5608099),[]
220.0,floating end terminal,AT33,AT335,ElmTerm_0600,POINT (11.9672213 47.1464611),[]
110.0,virtual terminal,AT12,AT127,ElmTerm_virtual_0046,POINT (16.2729201 47.9966005),[]
110.0,virtual terminal,AT34,AT342,ElmTerm_virtual_0047,POINT (9.672794700000001 47.4594726),[]
110.0,virtual terminal,AT12,AT125,ElmTerm_virtual_0048,POINT (16.6194006 48.5347933),[]
220.0,tieline terminal,TL,TL,ElmTerm_tieline_0006,POINT (16.805503 48.7125497),[]
110.0,virtual terminal,AT31,AT313,ElmTerm_virtual_0049,POINT (14.487084 48.4855818),[]
220.0,virtual terminal,AT32,AT322,ElmTerm_virtual_0050,POINT (13.2292699 47.3348863),[]
220.0,virtual terminal,AT32,AT322,ElmTerm_virtual_0051,POINT (13.2126331 47.3303766),[]
110.0,virtual terminal,AT32,AT323,ElmTerm_virtual_0052,POINT (13.426512 47.5388299),[]
220.0,virtual terminal,AT22,AT226,ElmTerm_virtual_0053,POINT (14.7835998 47.1445314),[]
220.0,virtual terminal,AT34,AT342,ElmTerm_virtual_0054,POINT (9.592654 47.3091248),[]
110.0,virtual terminal,AT21,AT212,ElmTerm_virtual_0055,POINT (13.3797874 46.6087623),[]
110.0,virtual terminal,AT32,AT322,ElmTerm_virtual_0056,POINT (13.0747774 47.2737126),[]
110.0,virtual terminal,AT32,AT322,ElmTerm_virtual_0057,POINT (13.1095693 47.085041),[]
110.0,floating end terminal,AT32,AT322,ElmTerm_0601,POINT (13.0624653 47.0663939),[]
110.0,virtual terminal,AT22,AT225,ElmTerm_virtual_0058,POINT (15.4806082 46.9094121),[]
110.0,virtual terminal,AT22,AT221,ElmTerm_virtual_0059,POINT (15.472495 47.0029257),[]
110.0,virtual terminal,AT21,AT212,ElmTerm_virtual_0060,POINT (13.3487761 46.8507825),[]
110.0,virtual terminal,AT21,AT212,ElmTerm_virtual_0061,POINT (12.9742694 46.859973),[]
110.0,virtual terminal,AT21,AT213,ElmTerm_virtual_0062,POINT (14.5360459 46.7233161),[]
110.0,virtual terminal,AT34,AT342,ElmTerm_virtual_0063,POINT (9.6990543 47.4761524),[]
110.0,virtual terminal,AT34,AT342,ElmTerm_virtual_0064,POINT (9.683878999999999 47.4348286),[]
110.0,virtual terminal,AT34,AT342,ElmTerm_virtual_0065,POINT (9.712826 47.4340891),[]
110.0,virtual terminal,AT21,AT211,ElmTerm_virtual_0067,POINT (13.7907581 46.6671259),[]
110.0,floating end terminal,AT21,AT211,ElmTerm_0602,POINT (13.7897028 46.6516666),[]
110.0,virtual terminal,AT12,AT121,ElmTerm_virtual_0068,POINT (15.0449847 48.1309132),[]
110.0,virtual terminal,AT21,AT211,ElmTerm_virtual_0069,POINT (13.8470993 46.5865345),[]
110.0,virtual terminal,AT33,AT331,ElmTerm_virtual_0070,POINT (10.893149 47.3760339),[]
110.0,floating end terminal,AT33,AT331,ElmTerm_0603,POINT (10.8909095 47.3766715),[]
220.0,virtual terminal,AT12,AT126,ElmTerm_virtual_0071,POINT (15.8858452 48.3451368),[]
110.0,virtual terminal,AT21,AT211,ElmTerm_virtual_0072,POINT (14.0761072 46.6496615),[]
110.0,virtual terminal,AT21,AT211,ElmTerm_virtual_0073,POINT (13.9725306 46.5963743),[]
110.0,virtual terminal,AT21,AT211,ElmTerm_virtual_0074,POINT (13.8781604 46.6139319),[]
220.0,virtual terminal,AT21,AT211,ElmTerm_virtual_0075,POINT (14.1721583 46.5484641),[]
110.0,virtual terminal,AT21,AT211,ElmTerm_virtual_0076,POINT (14.323065 46.6006887),[]
110.0,virtual terminal,AT21,AT211,ElmTerm_virtual_0077,POINT (14.3005513 46.5472386),[]
110.0,virtual terminal,AT21,AT211,ElmTerm_virtual_0078,POINT (14.0804715 46.6504044),[]
110.0,virtual terminal,AT21,AT212,ElmTerm_virtual_0079,POINT (13.5371809 46.5951506),[]
110.0,virtual terminal,AT12,AT123,ElmTerm_virtual_0080,POINT (15.6073096 48.1769378),[]
110.0,virtual terminal,AT12,AT123,ElmTerm_virtual_0081,POINT (15.579934 48.2013745),[]
110.0,virtual terminal,AT21,AT211,ElmTerm_virtual_0082,POINT (13.9895133 46.5814791),[]
110.0,virtual terminal,AT21,AT213,ElmTerm_virtual_0083,POINT (14.6164732 46.664434),[]
110.0,virtual terminal,AT21,AT212,ElmTerm_virtual_0085,POINT (13.4928805 46.8167452),[]
110.0,virtual terminal,AT21,AT212,ElmTerm_virtual_0086,POINT (13.4791653 46.8305827),[]
110.0,virtual terminal,AT21,AT212,ElmTerm_virtual_0087,POINT (13.6899916 46.7964804),[]
110.0,virtual terminal,AT12,AT124,ElmTerm_virtual_0088,POINT (15.0977586 48.8487646),[]
110.0,virtual terminal,AT21,AT213,ElmTerm_virtual_0089,POINT (14.7741685 46.6405623),[]
110.0,virtual terminal,AT21,AT213,ElmTerm_virtual_0090,POINT (14.8119359 46.7776197),[]
110.0,virtual terminal,AT21,AT213,ElmTerm_virtual_0091,POINT (14.827535 46.853544),[]
110.0,virtual terminal,AT22,AT226,ElmTerm_virtual_0092,POINT (14.6313949 47.1709007),[]
220.0,virtual terminal,AT33,AT335,ElmTerm_virtual_0093,POINT (12.0734973 47.5216741),[]
110.0,floating end terminal,AT33,AT335,ElmTerm_0604,POINT (11.8336599 47.152134),[]
220.0,virtual terminal,AT12,AT122,ElmTerm_virtual_0094,POINT (16.059617 47.7026114),[]
220.0,virtual terminal,AT12,AT122,ElmTerm_virtual_0095,POINT (16.0593449 47.7048125),[]
380.0,virtual terminal,AT22,AT221,ElmTerm_virtual_0096,POINT (15.4874352 46.9154379),[]
220.0,virtual terminal,AT31,AT314,ElmTerm_virtual_0097,POINT (14.3279814 47.6779583),[]
220.0,virtual terminal,AT12,AT121,ElmTerm_virtual_0040,POINT (14.7116513 48.1304193),[]
110.0,virtual terminal,AT12,AT121,ElmTerm_virtual_0098,POINT (14.90632 48.1037218),[]
110.0,virtual terminal,AT12,AT121,ElmTerm_virtual_0099,POINT (15.2425735 48.2990355),[]
110.0,virtual terminal,AT22,AT222,ElmTerm_virtual_0100,POINT (14.1098596 47.4934373),[]
110.0,floating end terminal,AT22,AT222,ElmTerm_0605,POINT (13.9489988 47.4340947),[]
110.0,virtual terminal,AT22,AT222,ElmTerm_virtual_0101,POINT (13.9446346 47.4430523),[]
110.0,virtual terminal,AT22,AT226,ElmTerm_virtual_0102,POINT (14.8433132 47.2230339),[]
110.0,virtual terminal,AT31,AT312,ElmTerm_virtual_0104,POINT (14.1383431 48.3069667),[]
110.0,virtual terminal,AT32,AT322,ElmTerm_virtual_0105,POINT (12.8958452 47.4114868),[]
110.0,tieline terminal,TL,TL,ElmTerm_tieline_0007,POINT (13.1636036 48.2948403),[]
110.0,virtual terminal,AT31,AT315,ElmTerm_virtual_0106,POINT (13.6289811 47.9920612),[]
110.0,virtual terminal,AT31,AT311,ElmTerm_virtual_0107,POINT (13.0346297 48.2391071),[]
110.0,virtual terminal,AT33,AT335,ElmTerm_virtual_0108,POINT (12.2019422 47.6377774),[]
110.0,virtual terminal,AT33,AT335,ElmTerm_virtual_0109,POINT (12.0785747 47.521775),[]
110.0,virtual terminal,AT33,AT335,ElmTerm_virtual_0110,POINT (12.1363394 47.5645439),[]
110.0,floating end terminal,AT33,AT335,ElmTerm_0606,POINT (12.1378584 47.560613),[]
110.0,virtual terminal,AT33,AT335,ElmTerm_virtual_0111,POINT (12.1387807 47.456857),[]
110.0,virtual terminal,AT33,AT335,ElmTerm_virtual_0112,POINT (12.3914423 47.4741642),[]
110.0,floating end terminal,AT33,AT335,ElmTerm_0607,POINT (12.3896846 47.4565251),[]
110.0,virtual terminal,AT33,AT335,ElmTerm_virtual_0113,POINT (11.9404947 47.4754292),[]
110.0,floating end terminal,AT32,AT322,ElmTerm_0608,POINT (12.8183368 47.4906569),[]
110.0,floating end terminal,AT31,AT311,ElmTerm_0609,POINT (12.8427142 48.0291243),[]
110.0,virtual terminal,AT31,AT315,ElmTerm_virtual_0114,POINT (13.800879 48.0192841),[]
110.0,virtual terminal,AT12,AT121,ElmTerm_virtual_0115,POINT (15.2702377 48.2134624),[]
110.0,virtual terminal,AT31,AT315,ElmTerm_virtual_0116,POINT (13.506506 47.9459824),[]
110.0,virtual terminal,AT31,AT315,ElmTerm_virtual_0117,POINT (13.4879077 47.7583904),[]
110.0,virtual terminal,AT31,AT315,ElmTerm_virtual_0118,POINT (13.4936321 47.7508076),[]
110.0,virtual terminal,AT31,AT315,ElmTerm_virtual_0119,POINT (13.4816897 47.7783094),[]
110.0,virtual terminal,AT32,AT323,ElmTerm_virtual_0120,POINT (13.4768399 47.7850417),[]
110.0,virtual terminal,AT32,AT323,ElmTerm_virtual_0121,POINT (13.498194 47.7225389),[]
110.0,virtual terminal,AT31,AT315,ElmTerm_virtual_0122,POINT (13.504603 47.7224593),[]
110.0,virtual terminal,AT32,AT323,ElmTerm_virtual_0123,POINT (13.4220925 47.5830733),[]
110.0,virtual terminal,AT32,AT323,ElmTerm_virtual_0124,POINT (13.4166907 47.5758856),[]
110.0,virtual terminal,AT21,AT213,ElmTerm_virtual_0125,POINT (14.3646798 46.7257206),[]
110.0,virtual terminal,AT21,AT213,ElmTerm_virtual_0126,POINT (14.3726712 46.7597914),[]
220.0,virtual terminal,AT31,AT311,ElmTerm_virtual_0127,POINT (13.4447648 48.4344367),[]
220.0,virtual terminal,AT31,AT311,ElmTerm_virtual_0128,POINT (13.4446207 48.4351015),[]
110.0,virtual terminal,AT22,AT224,ElmTerm_virtual_0130,POINT (15.714559 47.0918374),[]
110.0,virtual terminal,AT31,AT312,ElmTerm_virtual_0131,POINT (14.1384162 48.3071916),[]
110.0,virtual terminal,AT22,AT221,ElmTerm_virtual_0132,POINT (15.4723555 47.0025085),[]
110.0,virtual terminal,AT22,AT221,ElmTerm_virtual_0134,POINT (15.4895534 47.0150045),[]
110.0,virtual terminal,AT11,AT112,ElmTerm_virtual_0135,POINT (16.2895464 47.8080638),[]
110.0,floating end terminal,AT22,AT222,ElmTerm_0610,POINT (14.7505928 47.6505893),[]
110.0,virtual terminal,AT22,AT222,ElmTerm_virtual_0136,POINT (14.7496065 47.6104646),[]
110.0,floating end terminal,AT22,AT222,ElmTerm_0611,POINT (14.6894195 47.7036518),[]
110.0,virtual terminal,AT22,AT222,ElmTerm_virtual_0137,POINT (14.346721 47.587954),[]
110.0,virtual terminal,AT31,AT314,ElmTerm_virtual_0138,POINT (14.6314335 47.8471042),[]
110.0,floating end terminal,AT31,AT314,ElmTerm_0612,POINT (14.6394609 47.8481423),[]
110.0,virtual terminal,AT22,AT223,ElmTerm_virtual_0139,POINT (15.4287181 47.5025758),[]
110.0,virtual terminal,AT22,AT221,ElmTerm_virtual_0140,POINT (15.2757792 47.0622412),[]
110.0,virtual terminal,AT11,AT113,ElmTerm_virtual_0141,POINT (16.3153804 47.0735383),[]
110.0,virtual terminal,AT12,AT124,ElmTerm_virtual_0133,POINT (15.1471371 48.5919289),[]
110.0,virtual terminal,AT12,AT121,ElmTerm_virtual_0142,POINT (15.2292202 48.2388791),[]
110.0,floating end terminal,AT12,AT121,ElmTerm_0613,POINT (15.2530227 48.2246392),[]
220.0,tieline terminal,TL,TL,ElmTerm_tieline_0010,POINT (12.559293 46.6549675),[]
110.0,virtual terminal,AT21,AT211,ElmTerm_virtual_0144,POINT (14.4224506 46.6438874),[]
110.0,virtual terminal,AT21,AT211,ElmTerm_virtual_0145,POINT (14.4214078 46.6638479),[]
110.0,virtual terminal,AT21,AT212,ElmTerm_virtual_0146,POINT (13.345926 46.8311105),[]
110.0,virtual terminal,AT31,AT312,ElmTerm_virtual_0147,POINT (14.3779233 48.3048963),[]
110.0,floating end terminal,AT33,AT335,ElmTerm_0615,POINT (12.0583917 47.2355602),[]
110.0,virtual terminal,AT22,AT224,ElmTerm_virtual_0148,POINT (15.9706248 47.2164581),[]
110.0,virtual terminal,AT22,AT224,ElmTerm_virtual_0149,POINT (15.90108 46.9589388),[]
110.0,virtual terminal,AT22,AT224,ElmTerm_virtual_0150,POINT (15.8975786 46.9456486),[]
110.0,virtual terminal,AT22,AT224,ElmTerm_virtual_0152,POINT (15.6328897 47.2060754),[]
220.0,virtual terminal,AT33,AT335,ElmTerm_virtual_0153,POINT (11.8486022 47.1616274),[]
220.0,virtual terminal,AT33,AT335,ElmTerm_virtual_0154,POINT (11.817474 47.1313524),[]
220.0,virtual terminal,AT33,AT335,ElmTerm_virtual_0155,POINT (11.8032016 47.1122593),[]
220.0,virtual terminal,AT33,AT335,ElmTerm_virtual_0156,POINT (11.7887322 47.0903413),[]
380.0,virtual terminal,AT33,AT334,ElmTerm_virtual_0157,POINT (10.8654883 47.2460131),[]
380.0,virtual terminal,AT33,AT334,ElmTerm_virtual_0158,POINT (10.6844673 47.1361126),[]
380.0,tieline terminal,TL,TL,ElmTerm_tieline_0011,POINT (10.469538 46.8659809),[]
110.0,virtual terminal,AT33,AT334,ElmTerm_virtual_0159,POINT (10.5362825 47.1449887),[]
110.0,virtual terminal,AT34,AT341,ElmTerm_virtual_0160,POINT (10.1807206 47.1362842),[]
110.0,virtual terminal,AT33,AT334,ElmTerm_virtual_0161,POINT (10.562476 47.1456424),[]
220.0,virtual terminal,AT34,AT341,ElmTerm_virtual_0162,POINT (9.8735199 47.0876342),[]
110.0,virtual terminal,AT34,AT341,ElmTerm_virtual_0164,POINT (9.918466499999999 47.071561),[]
110.0,virtual terminal,AT34,AT341,ElmTerm_virtual_0165,POINT (9.862713599999999 47.1142949),[]
110.0,virtual terminal,AT22,AT224,ElmTerm_virtual_0166,POINT (15.7912283 47.1372123),[]
110.0,virtual terminal,AT22,AT223,ElmTerm_virtual_0167,POINT (15.2751308 47.4219724),[]
110.0,virtual terminal,AT22,AT225,ElmTerm_virtual_0168,POINT (15.5724109 46.745638),[]
110.0,floating end terminal,AT22,AT225,ElmTerm_0616,POINT (15.5720422 46.7455542),[]
110.0,virtual terminal,AT22,AT225,ElmTerm_virtual_0170,POINT (15.3531969 46.8543494),[]
110.0,floating end terminal,AT22,AT225,ElmTerm_0617,POINT (15.3534974 46.8543949),[]
110.0,virtual terminal,AT22,AT221,ElmTerm_virtual_0171,POINT (15.4639024 47.0128214),[]
110.0,virtual terminal,AT12,AT126,ElmTerm_virtual_0172,POINT (16.7620312 48.4677982),[]
220.0,virtual terminal,AT32,AT323,ElmTerm_virtual_0173,POINT (13.0639234 47.8841552),[]
110.0,tieline terminal,TL,TL,ElmTerm_tieline_0013,POINT (12.9277978 47.7741764),[]
220.0,tieline terminal,TL,TL,ElmTerm_tieline_0014,POINT (9.5640587 47.3043018),[]
220.0,virtual terminal,AT12,AT126,ElmTerm_virtual_0174,POINT (15.8829704 48.3465521),[]
110.0,virtual terminal,AT32,AT322,ElmTerm_virtual_0175,POINT (12.5920254 47.2770276),[]
110.0,virtual terminal,AT32,AT322,ElmTerm_virtual_0176,POINT (12.7343371 47.2701589),[]
110.0,virtual terminal,AT12,AT127,ElmTerm_virtual_0177,POINT (16.7651449 48.0333569),[]
110.0,virtual terminal,AT31,AT312,ElmTerm_virtual_0178,POINT (14.3215098 48.2481227),[]
380.0,virtual terminal,AT32,AT322,ElmTerm_virtual_0179,POINT (12.73255 47.272509),[]
110.0,virtual terminal,AT33,AT335,ElmTerm_virtual_0180,POINT (12.1469412 47.5804875),[]
110.0,virtual terminal,AT34,AT342,ElmTerm_virtual_0181,POINT (9.595519400000001 47.3120318),[]
110.0,virtual terminal,AT34,AT342,ElmTerm_virtual_0182,POINT (9.6165824 47.3106318),[]
110.0,virtual terminal,AT34,AT342,ElmTerm_virtual_0183,POINT (9.619684700000001 47.3043942),[]
220.0,virtual terminal,AT34,AT342,ElmTerm_virtual_0163,POINT (9.594243799999999 47.3153636),[]
110.0,tieline terminal,TL,TL,ElmTerm_tieline_0015,POINT (9.7257155 47.5508939),[]
110.0,virtual terminal,AT34,AT342,ElmTerm_virtual_0184,POINT (9.722190899999999 47.4875752),[]
110.0,virtual terminal,AT34,AT342,ElmTerm_virtual_0185,POINT (9.6952558 47.4794744),[]
110.0,virtual terminal,AT34,AT342,ElmTerm_virtual_0186,POINT (9.7538175 47.4385937),[]
110.0,virtual terminal,AT34,AT341,ElmTerm_virtual_0187,POINT (9.8556664 47.4391161),[]
110.0,floating end terminal,AT31,AT315,ElmTerm_0618,POINT (13.6201186 47.9833914),[]
110.0,virtual terminal,AT31,AT315,ElmTerm_virtual_0188,POINT (13.6210101 47.9832188),[]
110.0,floating end terminal,AT31,AT315,ElmTerm_0619,POINT (13.6201142 47.9834744),[]
110.0,virtual terminal,AT31,AT315,ElmTerm_virtual_0189,POINT (13.7880357 48.0346838),[]
110.0,floating end terminal,AT31,AT315,ElmTerm_0620,POINT (13.5999064 47.9933633),[]
110.0,floating end terminal,AT31,AT315,ElmTerm_0621,POINT (13.5994709 47.9933056),[]
110.0,virtual terminal,AT22,AT222,ElmTerm_virtual_0190,POINT (14.1054859 47.4899829),[]
110.0,virtual terminal,AT22,AT222,ElmTerm_virtual_0191,POINT (14.7500084 47.6112774),[]
110.0,floating end terminal,AT22,AT222,ElmTerm_0622,POINT (14.6528812 47.7383689),[]
220.0,virtual terminal,AT11,AT112,ElmTerm_virtual_0193,POINT (16.8535236 47.9764518),[]
220.0,tieline terminal,TL,TL,ElmTerm_tieline_0017,POINT (14.8362614 46.5637396),[]
380.0,virtual terminal,AT12,AT123,ElmTerm_virtual_0143,POINT (15.7360798 48.2664933),[]
110.0,virtual terminal,AT12,AT123,ElmTerm_virtual_0194,POINT (15.7140493 48.2857431),[]
110.0,virtual terminal,AT12,AT126,ElmTerm_virtual_0195,POINT (15.9298155 48.3315819),[]
220.0,virtual terminal,AT13,AT130,ElmTerm_virtual_0196,POINT (16.4296604 48.1395033),[]
110.0,virtual terminal,AT34,AT341,ElmTerm_virtual_0197,POINT (9.715149500000001 47.1902076),[]
110.0,floating end terminal,AT31,AT311,ElmTerm_0623,POINT (12.9916265 48.0964307),[]
110.0,virtual terminal,AT34,AT341,ElmTerm_virtual_0198,POINT (10.0523911 46.9700836),[]
110.0,virtual terminal,AT12,AT121,ElmTerm_virtual_0199,POINT (14.8341379 48.012423),[]
110.0,virtual terminal,AT12,AT126,ElmTerm_virtual_0200,POINT (16.5044318 48.356268),[]
110.0,virtual terminal,AT34,AT342,ElmTerm_virtual_0066,POINT (9.666995 47.368007),[]
110.0,virtual terminal,AT12,AT121,ElmTerm_virtual_0201,POINT (14.5354688 48.2325585),[]
110.0,virtual terminal,AT31,AT315,ElmTerm_virtual_0202,POINT (13.8131229 48.0104309),[]
220.0,tieline terminal,TL,TL,ElmTerm_tieline_0019,POINT (13.0525449 48.2698933),[]
220.0,tieline terminal,TL,TL,ElmTerm_tieline_0020,POINT (13.0588249 48.2679812),[]
110.0,virtual terminal,AT22,AT224,ElmTerm_virtual_0151,POINT (15.8990772 46.8610266),[]
110.0,virtual terminal,AT22,AT224,ElmTerm_virtual_0203,POINT (15.8973523 46.7603451),[]
110.0,virtual terminal,AT22,AT225,ElmTerm_virtual_0204,POINT (15.6192513 46.7223939),[]
110.0,floating end terminal,AT22,AT225,ElmTerm_0624,POINT (15.6211308 46.7162244),[]
110.0,virtual terminal,AT32,AT322,ElmTerm_virtual_0205,POINT (13.0772961 47.2896133),[]
110.0,virtual terminal,AT12,AT123,ElmTerm_virtual_0192,POINT (15.9033922 48.2108038),[]
110.0,virtual terminal,AT12,AT122,ElmTerm_virtual_0206,POINT (16.0951613 47.8955116),[]
110.0,virtual terminal,AT12,AT122,ElmTerm_virtual_0207,POINT (16.0328711 47.7096214),[]
110.0,virtual terminal,AT11,AT112,ElmTerm_virtual_0208,POINT (16.4481038 47.7996077),[]
110.0,virtual terminal,AT11,AT112,ElmTerm_virtual_0209,POINT (16.3761516 47.7859905),[]
110.0,virtual terminal,AT12,AT126,ElmTerm_virtual_0210,POINT (16.691969 48.3461482),[]
110.0,virtual terminal,AT12,AT121,ElmTerm_virtual_0211,POINT (15.1332762 48.115076),[]
220.0,tieline terminal,TL,TL,ElmTerm_tieline_0021,POINT (9.7529041 47.6480811),[]
110.0,virtual terminal,AT22,AT223,ElmTerm_virtual_0212,POINT (15.171487 47.4675402),[]
110.0,virtual terminal,AT22,AT223,ElmTerm_virtual_0213,POINT (15.2722995 47.4227707),[]
110.0,virtual terminal,AT21,AT213,ElmTerm_virtual_0214,POINT (14.7879235 46.9715094),[]
110.0,virtual terminal,AT21,AT213,ElmTerm_virtual_0215,POINT (14.6033503 46.6977176),[]
220.0,tieline terminal,TL,TL,ElmTerm_tieline_0022,POINT (13.7112674 48.5199261),[]
110.0,floating end terminal,AT32,AT322,ElmTerm_0627,POINT (13.1146187 47.0865512),[]
110.0,virtual terminal,AT12,AT126,ElmTerm_virtual_0216,POINT (16.4896018 48.3432124),[]
110.0,virtual terminal,AT12,AT125,ElmTerm_virtual_0217,POINT (16.6282177 48.6554905),[]
110.0,virtual terminal,AT12,AT123,ElmTerm_virtual_0218,POINT (15.7551654 48.358278),[]
110.0,virtual terminal,AT21,AT213,ElmTerm_virtual_0219,POINT (14.5296001 46.83994),[]
110.0,virtual terminal,AT21,AT213,ElmTerm_virtual_0220,POINT (14.5335944 46.8415664),[]
110.0,virtual terminal,AT22,AT221,ElmTerm_virtual_0221,POINT (15.4216818 47.0307938),[]
110.0,virtual terminal,AT22,AT225,ElmTerm_virtual_0222,POINT (15.5607324 46.825434),[]
110.0,floating end terminal,AT22,AT225,ElmTerm_0628,POINT (15.5656527 46.8279377),[]
110.0,virtual terminal,AT22,AT225,ElmTerm_virtual_0223,POINT (15.5786445 46.7411328),[]
110.0,virtual terminal,AT22,AT223,ElmTerm_virtual_0224,POINT (15.2983498 47.4394358),[]
110.0,virtual terminal,AT22,AT226,ElmTerm_virtual_0225,POINT (14.7257234 47.174997),[]
110.0,virtual terminal,AT33,AT335,ElmTerm_virtual_0226,POINT (12.2712381 47.470241),[]
110.0,virtual terminal,AT21,AT211,ElmTerm_virtual_0227,POINT (14.3261229 46.6012485),[]
110.0,floating end terminal,AT33,AT333,ElmTerm_0629,POINT (12.8190181 46.8285682),[]
110.0,virtual terminal,AT34,AT342,ElmTerm_virtual_0228,POINT (9.6453103 47.2217369),[]
110.0,virtual terminal,AT34,AT342,ElmTerm_virtual_0229,POINT (9.612982499999999 47.2788767),[]
110.0,virtual terminal,AT34,AT342,ElmTerm_virtual_0230,POINT (9.6289722 47.3360961),[]
110.0,tieline terminal,TL,TL,ElmTerm_tieline_0023,POINT (9.720556800000001 47.5525296),[]
110.0,virtual terminal,AT12,AT126,ElmTerm_virtual_0231,POINT (16.6928169 48.3491494),[]
110.0,tieline terminal,TL,TL,ElmTerm_tieline_0025,POINT (13.5888738 46.4958309),[]
110.0,virtual terminal,AT22,AT221,ElmTerm_virtual_0233,POINT (15.3174401 47.2804048),[]
110.0,floating end terminal,AT22,AT221,ElmTerm_0630,POINT (15.3172078 47.2804421),[]
110.0,floating end terminal,AT32,AT323,ElmTerm_0631,POINT (13.4244872 47.5378157),[]
110.0,virtual terminal,AT32,AT323,ElmTerm_virtual_0234,POINT (13.4263477 47.5387956),[]
110.0,virtual terminal,AT31,AT312,ElmTerm_virtual_0235,POINT (14.4947394 48.2368735),[]
110.0,virtual terminal,AT22,AT221,ElmTerm_virtual_0236,POINT (15.4195404 47.0329465),[]
110.0,virtual terminal,AT12,AT127,ElmTerm_virtual_0237,POINT (16.5753587 47.990576),[]
110.0,virtual terminal,AT33,AT333,ElmTerm_virtual_0238,POINT (12.5475975 46.9786572),[]
110.0,floating end terminal,AT33,AT333,ElmTerm_0632,POINT (12.5478342 46.9787524),[]
110.0,virtual terminal,AT12,AT122,ElmTerm_virtual_0239,POINT (16.0934428 47.8930854),[]
110.0,floating end terminal,AT32,AT322,ElmTerm_0635,POINT (12.5667812 47.2626347),[]
110.0,virtual terminal,AT12,AT123,ElmTerm_virtual_0240,POINT (15.6174253 48.1109022),[]
110.0,virtual terminal,AT12,AT122,ElmTerm_virtual_0241,POINT (16.0957305 47.892461),[]
110.0,virtual terminal,AT22,AT226,ElmTerm_virtual_0242,POINT (14.5658268 47.2040338),[]
110.0,tieline terminal,TL,TL,ElmTerm_tieline_0027,POINT (13.7116097 48.5192616),[]
110.0,virtual terminal,AT12,AT124,ElmTerm_virtual_0243,POINT (15.6337181 48.4755376),[]
110.0,virtual terminal,AT12,AT122,ElmTerm_virtual_0244,POINT (16.0412121 48.0009751),[]
110.0,virtual terminal,AT13,AT130,ElmTerm_virtual_0245,POINT (16.3816032 48.2459028),[]
110.0,floating end terminal,AT13,AT130,ElmTerm_0640,POINT (16.4792467 48.1749857),[]
110.0,virtual terminal,AT22,AT221,ElmTerm_virtual_0246,POINT (15.4797618 47.016209),[]
110.0,virtual terminal,AT31,AT313,ElmTerm_virtual_0247,POINT (14.4957598 48.4947956),[]
110.0,floating end terminal,AT21,AT212,ElmTerm_0642,POINT (13.046891 46.9923551),[]
110.0, ,AT21,AT212,ElmTerm_0003,POINT (13.0469634 46.9922618),[]
110.0,floating end terminal,AT21,AT212,ElmTerm_0643,POINT (13.0470023 46.9922874),[]
110.0,floating end terminal,AT21,AT212,ElmTerm_0644,POINT (13.3528733 47.0659911),[]
110.0, ,AT21,AT212,ElmTerm_0001,POINT (13.3527727 47.065707),[]
110.0,floating end terminal,AT21,AT212,ElmTerm_0645,POINT (13.3529122 47.0657893),[]
220.0, ,AT21,AT212,ElmTerm_0002,POINT (13.3432254 46.8954518),[]
220.0,floating end terminal,AT21,AT212,ElmTerm_0647,POINT (13.3433998 46.8954618),[]
220.0,floating end terminal,AT21,AT212,ElmTerm_0648,POINT (13.3432777 46.8953253),[]
110.0,virtual terminal,AT33,AT334,ElmTerm_virtual_0249,POINT (10.4796914 47.1292831),[]
110.0,virtual terminal,AT12,AT121,ElmTerm_virtual_0250,POINT (15.3885946 48.1888375),[]
110.0,virtual terminal,AT33,AT335,ElmTerm_virtual_0103,POINT (12.1471674 47.5805974),[]
110.0,virtual terminal,AT12,AT121,ElmTerm_virtual_0258,POINT (14.520527 48.2351107),[]
110.0,virtual terminal,AT33,AT332,ElmTerm_virtual_0259,POINT (11.396513 47.2360103),[]
380.0,virtual terminal,AT12,AT126,ElmTerm_virtual_0260,POINT (16.5137062 48.3418681),[]
380.0,virtual terminal,AT12,AT126,ElmTerm_virtual_0261,POINT (16.5162755 48.34348),[]
380.0,virtual terminal,AT12,AT126,ElmTerm_virtual_0262,POINT (16.5171469 48.3410768),[]
220.0,floating end terminal,AT12,AT125,ElmTerm_0656,POINT (16.8074091 48.7099089),[]
110.0,virtual terminal,AT12,AT126,ElmTerm_virtual_0265,POINT (16.760756 48.3873522),[]
380.0,virtual terminal,AT12,AT126,ElmTerm_virtual_0266,POINT (16.5105837 48.3411521),[]
110.0,virtual terminal,AT12,AT121,ElmTerm_virtual_0267,POINT (15.0443415 48.1308081),[]
110.0,floating end terminal,AT31,AT314,ElmTerm_0658,POINT (14.017957 47.9124201),[]
110.0,virtual terminal,AT31,AT315,ElmTerm_virtual_0268,POINT (13.8999521 48.0035651),[]
110.0,virtual terminal,AT31,AT313,ElmTerm_virtual_0269,POINT (14.455964 48.5230178),[]
110.0,floating end terminal,AT31,AT313,ElmTerm_0659,POINT (14.4866297 48.5333417),[]
110.0,virtual terminal,AT11,AT112,ElmTerm_virtual_0270,POINT (16.8944758 47.967629),[]
110.0,virtual terminal,AT11,AT112,ElmTerm_virtual_0271,POINT (16.8937456 47.9666051),[]
110.0,virtual terminal,AT22,AT223,ElmTerm_virtual_0264,POINT (15.2720778 47.4232729),[]
110.0,virtual terminal,AT33,AT335,ElmTerm_virtual_0272,POINT (11.9614425 47.4928261),[]
380.0,tieline terminal,TL,TL,ElmTerm_tieline_0029,POINT (10.6583142 47.5592331),['ElmTr2_0039']
220.0,tieline terminal,TL,TL,ElmTerm_tieline_0030,POINT (10.6583142 47.5592331),['ElmTr2_0039']
380.0,tieline terminal,TL,TL,ElmTerm_tieline_0031,POINT (17.6960421 47.6727742),['ElmTr2_0040']
380.0,floating end terminal,AT11,AT112,ElmTerm_0663,POINT (17.1080389 47.9217998),[]
110.0,virtual terminal,AT12,AT121,ElmTerm_virtual_0273,POINT (15.0817232 47.8926184),[]
110.0,virtual terminal,AT22,AT225,ElmTerm_virtual_0169,POINT (15.5805943 46.7856045),[]
110.0,floating end terminal,AT33,AT335,ElmTerm_0664,POINT (11.9443461 47.4875357),[]
110.0,virtual terminal,AT21,AT211,ElmTerm_virtual_0274,POINT (14.3357063 46.6374),[]
110.0,virtual terminal,AT21,AT212,ElmTerm_virtual_0084,POINT (13.0603169 46.8978386),[]
110.0,virtual terminal,AT12,AT123,ElmTerm_virtual_0044,POINT (15.9567279 48.2245839),[]
110.0,virtual terminal,AT31,AT315,ElmTerm_virtual_0232,POINT (13.5898543 47.7071655),[]
110.0,floating end terminal,AT31,AT313,ElmTerm_0665,POINT (14.4532657 48.5230534),[]
110.0,virtual terminal,AT21,AT212,ElmTerm_virtual_0248,POINT (13.5095575 46.7808359),[]
110.0,virtual terminal,AT22,AT221,ElmTerm_virtual_0129,POINT (15.3305593 47.1854189),[]
380.0,tieline terminal,TL,TL,ElmTerm_tieline_0003,POINT (16.1180779 49.1009515),[]
110.0,floating end terminal,AT21,AT212,ElmTerm_0646,POINT (13.0715954 46.8674827),[]
110.0,tieline terminal,TL,TL,ElmTerm_tieline_0008,POINT (13.1622791 48.2916346),[]
110.0,floating end terminal,AT22,AT221,ElmTerm_0661,POINT (15.3365537 47.1862674),[]
110.0,floating end terminal,AT32,AT322,ElmTerm_0614,POINT (12.2300805 47.2438389),[]
380.0,tieline terminal,TL,TL,ElmTerm_tieline_0012,POINT (15.6509459 46.6910614),[]
110.0,floating end terminal,AT22,AT225,ElmTerm_0662,POINT (15.5847885 46.7852796),[]
110.0,tieline terminal,TL,TL,ElmTerm_tieline_0024,POINT (9.8956476 47.5808721),[]
380.0,tieline terminal,TL,TL,ElmTerm_tieline_0016,POINT (17.4807457 47.7186019),[]
110.0,tieline terminal,TL,TL,ElmTerm_tieline_0028,POINT (11.4989305 46.9950911),[]
110.0,floating end terminal,AT32,AT322,ElmTerm_0633,POINT (12.7195951 47.196803),[]
380.0,floating end terminal,AT32,AT322,ElmTerm_0634,POINT (12.7217142 47.2002092),[]
220.0,tieline terminal,TL,TL,ElmTerm_tieline_0032,POINT (17.6960421 47.6727742),['ElmTr2_0040']
110.0,floating end terminal,AT22,AT221,ElmTerm_0657,POINT (15.4421769 47.0402497),[]
