loc_name,uknom,cpZone,cpArea,desc
ElmTerm_0011,110.0,AT332,AT33,Umspannwerk Thaur
ElmTerm_virtual_0001,110.0,AT332,AT33,virtual terminal
ElmTerm_0061,110.0,AT312,AT31,Umspannwerk Katzbach
ElmTerm_virtual_0002,110.0,AT312,AT31,virtual terminal
ElmTerm_0523,220.0,AT334,AT33,APG Umspannwerk Westtirol
ElmTerm_0428,220.0,AT335,AT33,Umspannwerk Zell am Ziller
ElmTerm_0008,220.0,AT126,AT12,Umspannwerk Bisamberg
ElmTerm_0065,220.0,AT126,AT12,Umspannwerk Greifenstein
ElmTerm_0066,110.0,AT126,AT12,Umspannwerk Stockerau
ElmTerm_0139,110.0,AT125,AT12,Umspannwerk Hollabrunn
ElmTerm_0380,110.0,AT130,AT13, 
ElmTerm_0406,110.0,AT130,AT13,Umspannwerk Kraftwerk Donaustadt
ElmTerm_0028,220.0,AT130,AT13,Umspannwerk Wien Südost
ElmTerm_virtual_0003,220.0,AT130,AT13,virtual terminal
ElmTerm_0453,110.0,AT127,AT12,Umspannwerk Schwechat
ElmTerm_0029,110.0,AT130,AT13,Umspannwerk Wien Südost
ElmTerm_0013,110.0,AT127,AT12,Umspannwerk Moosbrunn
ElmTerm_0373,110.0,AT127,AT12,Umspannwerk Ebreichsdorf
ElmTerm_0027,380.0,AT130,AT13,Umspannwerk Wien Südost
ElmTerm_0405,380.0,AT130,AT13,Kabelüberführungsstation Pfarrgasse
ElmTerm_0014,110.0,AT127,AT12,Umspannwerk Wr. Neudorf
ElmTerm_0459,110.0,AT130,AT13,Umspannwerk Liesing
ElmTerm_0348,380.0,AT127,AT12,Umspannwerk Sarasdorf
ElmTerm_virtual_0004,380.0,AT127,AT12,virtual terminal
ElmTerm_0015,110.0,AT130,AT13,Umspannwerk Wien West
ElmTerm_0016,110.0,AT126,AT12,Schaltanlage Kritzendorf
ElmTerm_0087,110.0,AT126,AT12, 
ElmTerm_virtual_0005,220.0,AT332,AT33,virtual terminal
ElmTerm_tieline_0001,220.0,TL,TL,tieline terminal
ElmTerm_0020,110.0,AT130,AT13,Umspannwerk Wien Nord
ElmTerm_0009,110.0,AT126,AT12,Umspannwerk Bisamberg
ElmTerm_0064,110.0,AT127,AT12,Umspannwerk Traiskirchen
ElmTerm_virtual_0006,110.0,AT127,AT12,virtual terminal
ElmTerm_0035,110.0,AT127,AT12,Umspannwerk Enzersdorf
ElmTerm_virtual_0007,380.0,AT126,AT12,virtual terminal
ElmTerm_virtual_0008,380.0,AT127,AT12,virtual terminal
ElmTerm_virtual_0009,380.0,AT127,AT12,virtual terminal
ElmTerm_0068,110.0,AT130,AT13, 
ElmTerm_0034,110.0,AT130,AT13,Umspannwerk Kaiserebersdorf
ElmTerm_0030,380.0,AT123,AT12,Umspannwerk Pottenbrunn
ElmTerm_virtual_0010,380.0,AT123,AT12,virtual terminal
ElmTerm_0038,220.0,AT121,AT12,Umspannwerk Ybbsfeld
ElmTerm_virtual_0011,220.0,AT121,AT12,virtual terminal
ElmTerm_0053,110.0,AT323,AT32,Umspannwerk Hagenau
ElmTerm_virtual_0012,110.0,AT323,AT32,virtual terminal
ElmTerm_0270,110.0,AT127,AT12,Umspannwerk Wasenbruck
ElmTerm_virtual_0013,110.0,AT313,AT31,virtual terminal
ElmTerm_0250,110.0,AT313,AT31,Umspannwerk Mauthausen
ElmTerm_0042,110.0,AT332,AT33,Umspannwerk Innsbruck-Ost
ElmTerm_0043,110.0,AT315,AT31,Schaltwerk Ohlsdorf
ElmTerm_virtual_0014,110.0,AT315,AT31,virtual terminal
ElmTerm_0215,110.0,AT315,AT31,Umspannwerk Vöcklabruck
ElmTerm_0418,110.0,AT332,AT33,Umspannwerk Zirl
ElmTerm_0317,110.0,AT334,AT33,Tiwag Umspannwerk Ötztal
ElmTerm_virtual_0015,110.0,AT332,AT33,virtual terminal
ElmTerm_0050,110.0,AT332,AT33,Umspannwerk Wilten
ElmTerm_0597,110.0,AT332,AT33,floating end terminal
ElmTerm_virtual_0016,110.0,AT332,AT33,virtual terminal
ElmTerm_0369,110.0,AT332,AT33,Umspannwerk Hall
ElmTerm_0547,110.0,AT335,AT33, 
ElmTerm_virtual_0017,110.0,AT335,AT33,virtual terminal
ElmTerm_0532,220.0,AT341,AT34,Umspannwerk Walgauwerk
ElmTerm_virtual_0018,220.0,AT342,AT34,virtual terminal
ElmTerm_virtual_0019,110.0,AT312,AT31,virtual terminal
ElmTerm_virtual_0020,110.0,AT312,AT31,virtual terminal
ElmTerm_0207,110.0,AT312,AT31,Kraftwerk Ottensheim
ElmTerm_0328,110.0,AT312,AT31,Umspannwerk Wegscheid
ElmTerm_0048,110.0,AT313,AT31,Umspannwerk Wasserkraftwerk Abwinden-Asten
ElmTerm_virtual_0021,110.0,AT312,AT31,virtual terminal
ElmTerm_0036,110.0,AT312,AT31,UW Hütte Süd 110kV
ElmTerm_0407,110.0,AT312,AT31,Umspannwerk Franzosenhausweg
ElmTerm_0390,110.0,AT312,AT31,Umspannwerk Hütte Ost
ElmTerm_0550,110.0,AT312,AT31,Umspannwerk Linz Ost
ElmTerm_virtual_0022,110.0,AT312,AT31,virtual terminal
ElmTerm_0233,110.0,AT311,AT31,Umspannwerk Grieskirchen
ElmTerm_0576,110.0,AT312,AT31,added terminal voltage
ElmTerm_0248,220.0,AT334,AT33,Umspannwerk Silz
ElmTerm_0598,110.0,AT311,AT31,floating end terminal
ElmTerm_virtual_0023,110.0,AT311,AT31,virtual terminal
ElmTerm_0305,110.0,AT312,AT31,Umspannwerk Nettingsdorf
ElmTerm_0057,110.0,AT312,AT31, 
ElmTerm_virtual_0024,110.0,AT312,AT31,virtual terminal
ElmTerm_0026,110.0,AT121,AT12,Umspannwerk Ernsthofen
ElmTerm_0599,110.0,AT121,AT12,floating end terminal
ElmTerm_0251,110.0,AT121,AT12,Schaltwerk St. Pantaleon
ElmTerm_virtual_0025,110.0,AT312,AT31,virtual terminal
ElmTerm_0058,110.0,AT312,AT31,Umspannwerk Tillysburg
ElmTerm_0219,110.0,AT312,AT31,Umspannwerk Pichling
ElmTerm_virtual_0026,110.0,AT312,AT31,virtual terminal
ElmTerm_virtual_0027,110.0,AT312,AT31,virtual terminal
ElmTerm_0193,110.0,AT121,AT12,Umspannwerk Amstetten Süd
ElmTerm_virtual_0028,110.0,AT121,AT12,virtual terminal
ElmTerm_0059,110.0,AT314,AT31,Umspannwerk Steyr-Nord
ElmTerm_virtual_0029,110.0,AT121,AT12,virtual terminal
ElmTerm_0060,110.0,AT314,AT31,Umspannwerk Steyr-Fischhub
ElmTerm_virtual_0030,110.0,AT314,AT31,virtual terminal
ElmTerm_0476,110.0,AT314,AT31, 
ElmTerm_0062,110.0,AT314,AT31,Kraftwerk Rosenau
ElmTerm_0083,110.0,AT314,AT31,Umspannwerk Großraming
ElmTerm_virtual_0031,110.0,AT314,AT31,virtual terminal
ElmTerm_0560,110.0,AT314,AT31, 
ElmTerm_0415,110.0,AT314,AT31,Kraftwerk Ternberg
ElmTerm_virtual_0032,110.0,AT323,AT32,virtual terminal
ElmTerm_0052,110.0,AT323,AT32,Umspannwerk Seekirchen
ElmTerm_0069,110.0,AT315,AT31,Umspannwerk Timelkam
ElmTerm_0489,110.0,AT315,AT31,Umspannwerk Regau
ElmTerm_0212,220.0,AT312,AT31,Umspannwerk Aschach
ElmTerm_virtual_0033,220.0,AT311,AT31,virtual terminal
ElmTerm_0108,380.0,AT311,AT31,Umspannwerk St. Peter
ElmTerm_0472,380.0,AT312,AT31,Schaltwerk Kronstorf
ElmTerm_0021,110.0,AT331,AT33, 
ElmTerm_tieline_0002,110.0,TL,TL,tieline terminal
ElmTerm_0025,220.0,AT121,AT12,Umspannwerk Ernsthofen
ElmTerm_virtual_0034,220.0,AT312,AT31,virtual terminal
ElmTerm_0244,110.0,AT222,AT22, 
ElmTerm_0243,110.0,AT315,AT31,Umspannwerk Steeg
ElmTerm_0347,110.0,AT315,AT31,Umspannwerk Steinkogl
ElmTerm_0171,110.0,AT315,AT31,Umspannwerk Gmunden
ElmTerm_virtual_0035,110.0,AT312,AT31,virtual terminal
ElmTerm_0535,110.0,AT312,AT31,Umspannwerk Hörsching
ElmTerm_0077,110.0,AT322,AT32,Umspannwerk Kaprun
ElmTerm_0220,110.0,AT322,AT32,Umspannwerk Bruck
ElmTerm_0079,220.0,AT322,AT32,Umspannwerk Tauern
ElmTerm_0338,220.0,AT323,AT32,Umspannwerk Salzburg
ElmTerm_0177,110.0,AT312,AT31, 
ElmTerm_0245,110.0,AT315,AT31,Umspannwerk Pfandl
ElmTerm_virtual_0036,110.0,AT124,AT12,virtual terminal
ElmTerm_0121,110.0,AT124,AT12,Umspannwerk Hütte Krems
ElmTerm_virtual_0037,110.0,AT124,AT12,virtual terminal
ElmTerm_virtual_0038,110.0,AT124,AT12,virtual terminal
ElmTerm_0224,110.0,AT124,AT12,Umspannwerk Krems
ElmTerm_0081,110.0,AT312,AT31,Umspannwerk Wels-Ost
ElmTerm_virtual_0039,110.0,AT312,AT31,virtual terminal
ElmTerm_0235,110.0,AT314,AT31,Umspannwerk Bad Hall
ElmTerm_0222,110.0,AT314,AT31,Umspannwerk Steyr-Ost
ElmTerm_0297,110.0,AT213,AT21,Umspannwerk Treibach
ElmTerm_0143,110.0,AT213,AT21,Umspannwerk St. Veit an der Glan
ElmTerm_0324,380.0,AT341,AT34,Umspannwerk Bürs
ElmTerm_tieline_0004,380.0,TL,TL,tieline terminal
ElmTerm_0228,110.0,AT335,AT33,Umspannwerk St. Johann
ElmTerm_0231,110.0,AT335,AT33,Umspannwerk Hochfilzen
ElmTerm_virtual_0041,110.0,AT221,AT22,virtual terminal
ElmTerm_0417,110.0,AT221,AT22,Umspannwerk Graz Gösting/Nord
ElmTerm_virtual_0042,110.0,AT126,AT12,virtual terminal
ElmTerm_virtual_0043,110.0,AT126,AT12,virtual terminal
ElmTerm_0063,110.0,AT312,AT31,Umspannwerk Linz FHKW Mitte
ElmTerm_0313,110.0,AT122,AT12,Umspannwerk Hohe Wand
ElmTerm_0314,110.0,AT122,AT12,Umspannwerk Pitten
ElmTerm_0091,110.0,AT124,AT12,Umspannwerk Stratzdorf
ElmTerm_0090,110.0,AT124,AT12,Umspannwerk Theiß
ElmTerm_tieline_0005,110.0,TL,TL,tieline terminal
ElmTerm_0573,110.0,AT335,AT33,manually added
ElmTerm_0159,220.0,AT211,AT21,Kraftwerk Rosegg
ElmTerm_virtual_0045,220.0,AT211,AT21,virtual terminal
ElmTerm_0600,220.0,AT335,AT33,floating end terminal
ElmTerm_0404,220.0,AT335,AT33, 
ElmTerm_0311,110.0,AT224,AT22,Umspannwerk Birkfeld
ElmTerm_0105,110.0,AT224,AT22,Umspannwerk Weiz
ElmTerm_0102,110.0,AT122,AT12,Umspannwerk Enzesfeld
ElmTerm_virtual_0046,110.0,AT127,AT12,virtual terminal
ElmTerm_virtual_0047,110.0,AT342,AT34,virtual terminal
ElmTerm_0213,110.0,AT342,AT34,Umspannwerk Höchst
ElmTerm_0232,110.0,AT311,AT31,Umspannwerk Mattighofen
ElmTerm_0370,110.0,AT311,AT31,Umspannwerk Roßbach
ElmTerm_0107,110.0,AT311,AT31,Umspannwerk Ried
ElmTerm_0399,110.0,AT125,AT12,Umspannwerk Mistelbach
ElmTerm_virtual_0048,110.0,AT125,AT12,virtual terminal
ElmTerm_0092,220.0,AT312,AT31,Umspannwerk Sattledt
ElmTerm_0179,110.0,AT124,AT12,Umspannwerk Horn
ElmTerm_0238,110.0,AT124,AT12,Umspannwerk Eggenburg
ElmTerm_tieline_0006,220.0,TL,TL,tieline terminal
ElmTerm_0113,110.0,AT112,AT11,Umspannwerk Neusiedl
ElmTerm_0099,110.0,AT112,AT11,Umspannwerk Frauenkirchen
ElmTerm_0012,110.0,AT312,AT31,Umspannwerk Linz-Nord
ElmTerm_0438,380.0,AT112,AT11,Umspannwerk Zurndorf
ElmTerm_0254,110.0,AT313,AT31,Umspannwerk Friensdorf
ElmTerm_virtual_0049,110.0,AT313,AT31,virtual terminal
ElmTerm_0326,110.0,AT322,AT32,Umspannwerk Reitdorf
ElmTerm_0555,110.0,AT322,AT32,Umspannwerk Pongau
ElmTerm_virtual_0050,220.0,AT322,AT32,virtual terminal
ElmTerm_virtual_0051,220.0,AT322,AT32,virtual terminal
ElmTerm_virtual_0052,110.0,AT323,AT32,virtual terminal
ElmTerm_0133,380.0,AT213,AT21,Umspannwerk Obersielach
ElmTerm_0123,380.0,AT221,AT22,Umspannwerk Kainachtal/Zwaring
ElmTerm_virtual_0053,220.0,AT226,AT22,virtual terminal
ElmTerm_0183,220.0,AT223,AT22,Umspannwerk Hessenberg
ElmTerm_0499,110.0,AT125,AT12,Umspannwerk Hauskirchen
ElmTerm_0106,110.0,AT125,AT12,Umspannwerk Poysdorf
ElmTerm_virtual_0054,220.0,AT342,AT34,virtual terminal
ElmTerm_0101,220.0,AT342,AT34,Umspannwerk Meiningen
ElmTerm_virtual_0055,110.0,AT212,AT21,virtual terminal
ElmTerm_0155,110.0,AT212,AT21,Umspannwerk Hermagor
ElmTerm_0115,110.0,AT122,AT12,Umspannwerk Ternitz
ElmTerm_0187,110.0,AT322,AT32,UW Angertal
ElmTerm_virtual_0056,110.0,AT322,AT32,virtual terminal
ElmTerm_virtual_0057,110.0,AT322,AT32,virtual terminal
ElmTerm_0601,110.0,AT322,AT32,floating end terminal
ElmTerm_0119,110.0,AT342,AT34,Umspannwerk Werben - Dornbirn
ElmTerm_0356,110.0,AT342,AT34,Umspannwerk Rieden
ElmTerm_0286,110.0,AT122,AT12,Umspannwerk Edlitz
ElmTerm_0300,110.0,AT112,AT11,Umspannwerk Neudörfl
ElmTerm_0125,110.0,AT225,AT22,Umspannwerk Neudorf/Werndorf
ElmTerm_virtual_0058,110.0,AT225,AT22,virtual terminal
ElmTerm_virtual_0059,110.0,AT221,AT22,virtual terminal
ElmTerm_0583,110.0,AT221,AT22,added terminal voltage
ElmTerm_0130,110.0,AT212,AT21,Malta Hauptstufe
ElmTerm_0137,110.0,AT212,AT21,Lieserhofen
ElmTerm_0131,110.0,AT212,AT21,Reißeck-Kreuzeck
ElmTerm_virtual_0060,110.0,AT212,AT21,virtual terminal
ElmTerm_0132,110.0,AT212,AT21, 
ElmTerm_0508,110.0,AT212,AT21,KW Zirknitz
ElmTerm_virtual_0061,110.0,AT212,AT21,virtual terminal
ElmTerm_0284,110.0,AT213,AT21,Umspannwerk Brückl
ElmTerm_virtual_0062,110.0,AT213,AT21,virtual terminal
ElmTerm_virtual_0063,110.0,AT342,AT34,virtual terminal
ElmTerm_virtual_0064,110.0,AT342,AT34,virtual terminal
ElmTerm_0382,110.0,AT342,AT34,Umspannwerk Lustenau
ElmTerm_virtual_0065,110.0,AT342,AT34,virtual terminal
ElmTerm_0141,110.0,AT211,AT21,Umspannwerk Landskron
ElmTerm_virtual_0067,110.0,AT211,AT21,virtual terminal
ElmTerm_0602,110.0,AT211,AT21,floating end terminal
ElmTerm_0039,110.0,AT121,AT12,Umspannwerk Ybbsfeld
ElmTerm_virtual_0068,110.0,AT121,AT12,virtual terminal
ElmTerm_0168,110.0,AT212,AT21,Rennweg
ElmTerm_0516,110.0,AT212,AT21,Gmünd
ElmTerm_0302,110.0,AT211,AT21,Umspannwerk Warmbad
ElmTerm_virtual_0069,110.0,AT211,AT21,virtual terminal
ElmTerm_virtual_0070,110.0,AT331,AT33,virtual terminal
ElmTerm_0603,110.0,AT331,AT33,floating end terminal
ElmTerm_0256,220.0,AT126,AT12,Umspannwerk Zwentendorf
ElmTerm_virtual_0071,220.0,AT126,AT12,virtual terminal
ElmTerm_0577,380.0,AT126,AT12,added terminal voltage
ElmTerm_0096,380.0,AT126,AT12,Umspannwerk Dürnrohr
ElmTerm_0578,110.0,AT126,AT12,added terminal voltage
ElmTerm_0098,110.0,AT126,AT12,Umspannwerk Dürnrohr
ElmTerm_virtual_0072,110.0,AT211,AT21,virtual terminal
ElmTerm_virtual_0073,110.0,AT211,AT21,virtual terminal
ElmTerm_virtual_0074,110.0,AT211,AT21,virtual terminal
ElmTerm_virtual_0075,220.0,AT211,AT21,virtual terminal
ElmTerm_0160,220.0,AT211,AT21,Umspannwerk Feistritz
ElmTerm_virtual_0076,110.0,AT211,AT21,virtual terminal
ElmTerm_0161,110.0,AT211,AT21,Klagenfurt
ElmTerm_virtual_0077,110.0,AT211,AT21,virtual terminal
ElmTerm_0147,110.0,AT211,AT21, 
ElmTerm_virtual_0078,110.0,AT211,AT21,virtual terminal
ElmTerm_0149,110.0,AT212,AT21,Umspannwerk Feldkirchen
ElmTerm_0150,110.0,AT212,AT21,Umspannwerk Oberdrauburg
ElmTerm_0152,110.0,AT212,AT21,Umspannwerk Würmlach
ElmTerm_0138,110.0,AT212,AT21,Umspannwerk Tröpolach
ElmTerm_0153,110.0,AT212,AT21,Umspannwerk Vorderberg
ElmTerm_virtual_0079,110.0,AT212,AT21,virtual terminal
ElmTerm_virtual_0080,110.0,AT123,AT12,virtual terminal
ElmTerm_0154,110.0,AT123,AT12,Umspannwerk St. Pölten
ElmTerm_virtual_0081,110.0,AT123,AT12,virtual terminal
ElmTerm_0140,110.0,AT211,AT21,Kraftwerk Kamering
ElmTerm_0067,110.0,AT122,AT12,Umspannwerk Türnitz
ElmTerm_0374,110.0,AT122,AT12,Umspannwerk Erlaufboden
ElmTerm_0579,110.0,AT211,AT21,added terminal voltage
ElmTerm_virtual_0082,110.0,AT211,AT21,virtual terminal
ElmTerm_virtual_0083,110.0,AT213,AT21,virtual terminal
ElmTerm_0163,110.0,AT213,AT21,Umspannwerk Völkermarkt
ElmTerm_0164,110.0,AT211,AT21,Kraftwerk Ferlach-Maria Rain
ElmTerm_0165,110.0,AT211,AT21,Umspannwerk Ferlach
ElmTerm_virtual_0085,110.0,AT212,AT21,virtual terminal
ElmTerm_0507,110.0,AT212,AT21,Lieserbrücke
ElmTerm_virtual_0086,110.0,AT212,AT21,virtual terminal
ElmTerm_virtual_0087,110.0,AT212,AT21,virtual terminal
ElmTerm_0180,110.0,AT124,AT12,Umspannwerk Waidhofen an der Thaya
ElmTerm_virtual_0088,110.0,AT124,AT12,virtual terminal
ElmTerm_0511,110.0,AT212,AT21,Umspannwerk Radenthein
ElmTerm_0400,110.0,AT212,AT21,Umspannwerk Kleinkirchheim
ElmTerm_0425,110.0,AT211,AT21,Umspannwerk Sankt Margareten
ElmTerm_0172,110.0,AT213,AT21,Kraftwerk Freibach
ElmTerm_virtual_0089,110.0,AT213,AT21,virtual terminal
ElmTerm_0173,110.0,AT213,AT21,Bleiburg
ElmTerm_0176,110.0,AT213,AT21,Kraftwerk Schwabeck
ElmTerm_0569,110.0,AT213,AT21,manually added
ElmTerm_0073,110.0,AT312,AT31,Umspannwerk Puchberg
ElmTerm_0178,110.0,AT225,AT22,UW Deutschlandsberg
ElmTerm_0191,110.0,AT225,AT22,Umspannwerk Bergla
ElmTerm_0354,110.0,AT124,AT12,Umspannwerk Krumau
ElmTerm_virtual_0090,110.0,AT213,AT21,virtual terminal
ElmTerm_0181,110.0,AT213,AT21,Umspannwerk Sankt Andrä
ElmTerm_virtual_0091,110.0,AT213,AT21,virtual terminal
ElmTerm_0182,110.0,AT213,AT21,UW Wolfsberg
ElmTerm_0023,110.0,AT226,AT22,Umspannwerk Baumkirchen
ElmTerm_virtual_0092,110.0,AT226,AT22,virtual terminal
ElmTerm_0185,220.0,AT226,AT22,Umspannwerk Zeltweg
ElmTerm_0186,110.0,AT226,AT22,Umspannwerk Judenburg West
ElmTerm_0128,110.0,AT322,AT32, 
ElmTerm_0142,220.0,AT335,AT33,Schaltwerk Strass
ElmTerm_virtual_0093,220.0,AT335,AT33,virtual terminal
ElmTerm_0010,220.0,AT332,AT33,Umspannwerk Thaur
ElmTerm_0604,110.0,AT335,AT33,floating end terminal
ElmTerm_0429,110.0,AT335,AT33,Umspannwerk Zell am Ziller
ElmTerm_0033,220.0,AT335,AT33,Schaltanlage Mayrhofen
ElmTerm_virtual_0094,220.0,AT122,AT12,virtual terminal
ElmTerm_virtual_0095,220.0,AT122,AT12,virtual terminal
ElmTerm_virtual_0096,380.0,AT221,AT22,virtual terminal
ElmTerm_0520,380.0,AT221,AT22,Umspannwerk Mellach
ElmTerm_virtual_0097,220.0,AT314,AT31,virtual terminal
ElmTerm_0192,220.0,AT314,AT31,Umspannwerk Pyhrn
ElmTerm_virtual_0040,220.0,AT121,AT12,virtual terminal
ElmTerm_0252,220.0,AT313,AT31,Umspannwerk Wallsee
ElmTerm_0031,110.0,AT123,AT12,Umspannwerk Pottenbrunn
ElmTerm_0203,110.0,AT222,AT22,Umspannwerk Liezen
ElmTerm_0190,110.0,AT222,AT22,Umspannwerk Weißenbach
ElmTerm_0189,220.0,AT222,AT22,Umspannwerk Weißenbach
ElmTerm_virtual_0098,110.0,AT121,AT12,virtual terminal
ElmTerm_0040,110.0,AT121,AT12,Umspannwerk Ulmerfeld-Hausmening
ElmTerm_0198,110.0,AT124,AT12,Umspannwerk Sallingberg
ElmTerm_virtual_0099,110.0,AT121,AT12,virtual terminal
ElmTerm_0170,110.0,AT124,AT12,Umspannwerk Zwettl
ElmTerm_0200,110.0,AT222,AT22,Umspannwerk Irdning
ElmTerm_virtual_0100,110.0,AT222,AT22,virtual terminal
ElmTerm_0605,110.0,AT222,AT22,floating end terminal
ElmTerm_virtual_0101,110.0,AT222,AT22,virtual terminal
ElmTerm_0216,110.0,AT323,AT32,Umspannwerk Golling
ElmTerm_0206,110.0,AT222,AT22,Umspannwerk Schwarzenbach
ElmTerm_0093,110.0,AT314,AT31,Umspannwerk Kremsmünster
ElmTerm_0234,110.0,AT314,AT31,Umspannwerk Kirchdorf
ElmTerm_0184,110.0,AT223,AT22,Umspannwerk Hessenberg
ElmTerm_0208,110.0,AT223,AT22,Umspannwerk Sankt Michael
ElmTerm_virtual_0102,110.0,AT226,AT22,virtual terminal
ElmTerm_0209,110.0,AT226,AT22,Umspannwerk Knittelfeld-Ost
ElmTerm_0261,110.0,AT225,AT22,Umspannwerk Bärnbach
ElmTerm_virtual_0104,110.0,AT312,AT31,virtual terminal
ElmTerm_virtual_0105,110.0,AT322,AT32,virtual terminal
ElmTerm_0580,110.0,AT311,AT31,added terminal voltage
ElmTerm_tieline_0007,110.0,TL,TL,tieline terminal
ElmTerm_virtual_0106,110.0,AT315,AT31,virtual terminal
ElmTerm_0055,110.0,AT323,AT32,Umspannwerk Oberalm
ElmTerm_0572,110.0,AT323,AT32,manually added
ElmTerm_0221,110.0,AT311,AT31, 
ElmTerm_virtual_0107,110.0,AT311,AT31,virtual terminal
ElmTerm_virtual_0108,110.0,AT335,AT33,virtual terminal
ElmTerm_0223,110.0,AT335,AT33,Umspannwerk Ebbs
ElmTerm_virtual_0109,110.0,AT335,AT33,virtual terminal
ElmTerm_virtual_0110,110.0,AT335,AT33,virtual terminal
ElmTerm_0606,110.0,AT335,AT33,floating end terminal
ElmTerm_0339,110.0,AT335,AT33, 
ElmTerm_0006,110.0,AT335,AT33,Umspannwerk Kirchbichl
ElmTerm_0227,110.0,AT335,AT33,Umspannwerk Hopfgarten
ElmTerm_virtual_0111,110.0,AT335,AT33,virtual terminal
ElmTerm_virtual_0112,110.0,AT335,AT33,virtual terminal
ElmTerm_0607,110.0,AT335,AT33,floating end terminal
ElmTerm_0230,110.0,AT335,AT33,Umspannwerk Ellmau
ElmTerm_virtual_0113,110.0,AT335,AT33,virtual terminal
ElmTerm_0229,110.0,AT335,AT33,Umspannwerk Kundl
ElmTerm_0608,110.0,AT322,AT32,floating end terminal
ElmTerm_0353,110.0,AT322,AT32, 
ElmTerm_0609,110.0,AT311,AT31,floating end terminal
ElmTerm_0301,110.0,AT323,AT32,Umspannwerk Göming
ElmTerm_0070,110.0,AT315,AT31,Umspannwerk Traunfall
ElmTerm_virtual_0114,110.0,AT315,AT31,virtual terminal
ElmTerm_0037,380.0,AT123,AT12,Schaltwerk Etzersdorf
ElmTerm_virtual_0115,110.0,AT121,AT12,virtual terminal
ElmTerm_0237,110.0,AT121,AT12,Umspannwerk Erlauf
ElmTerm_virtual_0116,110.0,AT315,AT31,virtual terminal
ElmTerm_0239,110.0,AT315,AT31,Umspannwerk Frankenmarkt
ElmTerm_virtual_0117,110.0,AT315,AT31,virtual terminal
ElmTerm_virtual_0118,110.0,AT315,AT31,virtual terminal
ElmTerm_virtual_0119,110.0,AT315,AT31,virtual terminal
ElmTerm_virtual_0120,110.0,AT323,AT32,virtual terminal
ElmTerm_virtual_0121,110.0,AT323,AT32,virtual terminal
ElmTerm_virtual_0122,110.0,AT315,AT31,virtual terminal
ElmTerm_virtual_0123,110.0,AT323,AT32,virtual terminal
ElmTerm_virtual_0124,110.0,AT323,AT32,virtual terminal
ElmTerm_0241,110.0,AT315,AT31,Umspannwerk Laakirchen
ElmTerm_0526,220.0,AT334,AT33,Kühtai
ElmTerm_virtual_0125,110.0,AT213,AT21,virtual terminal
ElmTerm_virtual_0126,110.0,AT213,AT21,virtual terminal
ElmTerm_virtual_0127,220.0,AT311,AT31,virtual terminal
ElmTerm_0462,220.0,AT311,AT31,Umspannwerk Schärding
ElmTerm_virtual_0128,220.0,AT311,AT31,virtual terminal
ElmTerm_0259,110.0,AT221,AT22,Schaltstation Friesach
ElmTerm_0556,110.0,AT221,AT22,Umspannwerk Gratkorn
ElmTerm_virtual_0130,110.0,AT224,AT22,virtual terminal
ElmTerm_0247,110.0,AT221,AT22,Umspannwerk Grambach
ElmTerm_0570,110.0,AT313,AT31,manually added
ElmTerm_virtual_0131,110.0,AT312,AT31,virtual terminal
ElmTerm_virtual_0132,110.0,AT221,AT22,virtual terminal
ElmTerm_0551,110.0,AT124,AT12,Umspannwerk Ottenstein
ElmTerm_virtual_0134,110.0,AT221,AT22,virtual terminal
ElmTerm_0269,110.0,AT122,AT12,Umspannwerk Wiener Neustadt
ElmTerm_virtual_0135,110.0,AT112,AT11,virtual terminal
ElmTerm_0275,110.0,AT112,AT11,Umspannwerk Eisenstadt
ElmTerm_0610,110.0,AT222,AT22,floating end terminal
ElmTerm_virtual_0136,110.0,AT222,AT22,virtual terminal
ElmTerm_0611,110.0,AT222,AT22,floating end terminal
ElmTerm_0281,110.0,AT222,AT22,Umspannwerk Essling
ElmTerm_virtual_0137,110.0,AT222,AT22,virtual terminal
ElmTerm_virtual_0138,110.0,AT314,AT31,virtual terminal
ElmTerm_0612,110.0,AT314,AT31,floating end terminal
ElmTerm_0202,110.0,AT121,AT12,Umspannwerk Gresten
ElmTerm_0536,110.0,AT121,AT12,Umspannwerk Opponitz
ElmTerm_0255,110.0,AT211,AT21,Umspannwerk Lassendorf
ElmTerm_0289,110.0,AT223,AT22,Umspannwerk Mitterdorf
ElmTerm_0496,110.0,AT223,AT22,Umspannwerk Breitenfeld
ElmTerm_virtual_0139,110.0,AT223,AT22,virtual terminal
ElmTerm_0375,110.0,AT223,AT22,Umspannwerk Kindberg/VOEST Alpine
ElmTerm_virtual_0140,110.0,AT221,AT22,virtual terminal
ElmTerm_0335,110.0,AT221,AT22,Umspannwerk Lieboch
ElmTerm_0365,110.0,AT124,AT12,Umspannwerk Gmünd
ElmTerm_0278,110.0,AT124,AT12,Umspannwerk Heidenreichstein
ElmTerm_virtual_0141,110.0,AT113,AT11,virtual terminal
ElmTerm_0291,110.0,AT113,AT11,Umspannwerk Güssing
ElmTerm_0111,110.0,AT113,AT11,Umspannwerk Südburgenland/Rotenturm
ElmTerm_0292,110.0,AT113,AT11,Umspannwerk Eltendorf
ElmTerm_0293,110.0,AT113,AT11,Umspannwerk Stegersbach
ElmTerm_0295,110.0,AT113,AT11,Umspannwerk Jennersdorf
ElmTerm_virtual_0133,110.0,AT124,AT12,virtual terminal
ElmTerm_virtual_0142,110.0,AT121,AT12,virtual terminal
ElmTerm_0613,110.0,AT121,AT12,floating end terminal
ElmTerm_0199,110.0,AT121,AT12,Umspannwerk Am Schuss
ElmTerm_0299,110.0,AT121,AT12,Umspannwerk Amstetten-Ost
ElmTerm_0117,110.0,AT112,AT11,Umspannwerk Mattersburg
ElmTerm_0266,110.0,AT311,AT31, 
ElmTerm_tieline_0010,220.0,TL,TL,tieline terminal
ElmTerm_0433,220.0,AT333,AT33,Umspannwerk Lienz
ElmTerm_virtual_0144,110.0,AT211,AT21,virtual terminal
ElmTerm_virtual_0145,110.0,AT211,AT21,virtual terminal
ElmTerm_virtual_0146,110.0,AT212,AT21,virtual terminal
ElmTerm_0136,110.0,AT212,AT21,Malta Unterstufe
ElmTerm_0041,110.0,AT121,AT12,Umspannwerk Bergern
ElmTerm_0533,110.0,AT313,AT31, 
ElmTerm_virtual_0147,110.0,AT312,AT31,virtual terminal
ElmTerm_0615,110.0,AT335,AT33,floating end terminal
ElmTerm_0279,110.0,AT224,AT22,Umspannwerk Hartberg
ElmTerm_virtual_0148,110.0,AT224,AT22,virtual terminal
ElmTerm_0309,110.0,AT224,AT22,Umspannwerk Fürstenfeld
ElmTerm_0308,110.0,AT224,AT22,Umspannwerk Hohenbrugg
ElmTerm_0310,110.0,AT224,AT22,Umspannwerk St. Johann in der Haide
ElmTerm_0268,110.0,AT224,AT22,Umspannwerk Rohrbach
ElmTerm_0378,110.0,AT224,AT22,Umspannwerk Schachen
ElmTerm_0331,110.0,AT224,AT22,Umspannwerk Unterrohr
ElmTerm_virtual_0149,110.0,AT224,AT22,virtual terminal
ElmTerm_virtual_0150,110.0,AT224,AT22,virtual terminal
ElmTerm_0312,110.0,AT224,AT22,Umspannwerk Feldbach
ElmTerm_0423,110.0,AT224,AT22,Umspannwerk St. Stephan
ElmTerm_virtual_0152,110.0,AT224,AT22,virtual terminal
ElmTerm_0264,110.0,AT224,AT22,Umspannwerk Gleisdorf
ElmTerm_virtual_0153,220.0,AT335,AT33,virtual terminal
ElmTerm_virtual_0154,220.0,AT335,AT33,virtual terminal
ElmTerm_virtual_0155,220.0,AT335,AT33,virtual terminal
ElmTerm_virtual_0156,220.0,AT335,AT33,virtual terminal
ElmTerm_0490,220.0,AT335,AT33,Umspannwerk Rosshag
ElmTerm_0500,110.0,AT335,AT33,Umspannwerk Kramsach
ElmTerm_0522,380.0,AT334,AT33,APG Umspannwerk Westtirol
ElmTerm_virtual_0157,380.0,AT334,AT33,virtual terminal
ElmTerm_0323,110.0,AT334,AT33,110kV Freischaltanlage
ElmTerm_virtual_0158,380.0,AT334,AT33,virtual terminal
ElmTerm_tieline_0011,380.0,TL,TL,tieline terminal
ElmTerm_0320,220.0,AT334,AT33,Umspannwerk Prutz
ElmTerm_virtual_0159,110.0,AT334,AT33,virtual terminal
ElmTerm_0321,110.0,AT334,AT33,Umspannwerk Prutz
ElmTerm_0322,110.0,AT334,AT33,Umspannwerk Sankt Jakob
ElmTerm_virtual_0160,110.0,AT341,AT34,virtual terminal
ElmTerm_0329,110.0,AT334,AT33,Umspannwerk Landeck
ElmTerm_virtual_0161,110.0,AT334,AT33,virtual terminal
ElmTerm_0581,110.0,AT341,AT34,added terminal voltage
ElmTerm_0582,220.0,AT341,AT34,added terminal voltage
ElmTerm_virtual_0162,220.0,AT341,AT34,virtual terminal
ElmTerm_0401,110.0,AT341,AT34,Umspannwerk Tschagguns
ElmTerm_virtual_0164,110.0,AT341,AT34,virtual terminal
ElmTerm_0467,220.0,AT341,AT34,Umspannwerk Rodundwerk II
ElmTerm_virtual_0165,110.0,AT341,AT34,virtual terminal
ElmTerm_0383,110.0,AT341,AT34,Umspannwerk Rodundwerk I
ElmTerm_0325,220.0,AT341,AT34,Umspannwerk Bürs
ElmTerm_0385,220.0,AT341,AT34,Umspannwerk Lünerseewerk
ElmTerm_0452,110.0,AT341,AT34,Umspannwerk Rauz
ElmTerm_0431,110.0,AT225,AT22,Umspannwerk Feiting
ElmTerm_virtual_0166,110.0,AT224,AT22,virtual terminal
ElmTerm_0424,110.0,AT224,AT22,Umspannwerk Unterrettenbach
ElmTerm_0332,110.0,AT222,AT22,Umspannwerk Ardning
ElmTerm_0283,110.0,AT222,AT22,Umspannwerk Hall
ElmTerm_0333,110.0,AT221,AT22,Kraftwerk Laufnitzdorf
ElmTerm_virtual_0167,110.0,AT223,AT22,virtual terminal
ElmTerm_0124,110.0,AT221,AT22,Umspannwerk Kainachtal/Zwaring
ElmTerm_virtual_0168,110.0,AT225,AT22,virtual terminal
ElmTerm_0616,110.0,AT225,AT22,floating end terminal
ElmTerm_0127,110.0,AT224,AT22,Umspannwerk Oststeiermark/Wünschendorf
ElmTerm_virtual_0170,110.0,AT225,AT22,virtual terminal
ElmTerm_0617,110.0,AT225,AT22,floating end terminal
ElmTerm_0463,110.0,AT221,AT22,Umspannwerk Messendorf
ElmTerm_virtual_0171,110.0,AT221,AT22,virtual terminal
ElmTerm_0246,110.0,AT221,AT22,Umspannwerk Graz-Süd
ElmTerm_virtual_0172,110.0,AT126,AT12,virtual terminal
ElmTerm_0174,110.0,AT126,AT12,Umspannwerk Spannberg
ElmTerm_0082,110.0,AT225,AT22,Umspannwerk Arnstein
ElmTerm_0337,110.0,AT225,AT22,Umspannwerk St. Martin
ElmTerm_virtual_0173,220.0,AT323,AT32,virtual terminal
ElmTerm_0584,220.0,AT323,AT32,added terminal voltage
ElmTerm_0056,220.0,AT323,AT32,Umspannwerk Salzach Stich
ElmTerm_tieline_0013,110.0,TL,TL,tieline terminal
ElmTerm_tieline_0014,220.0,TL,TL,tieline terminal
ElmTerm_virtual_0174,220.0,AT126,AT12,virtual terminal
ElmTerm_0585,110.0,AT126,AT12,added terminal voltage
ElmTerm_0303,110.0,AT322,AT32,Umspannwerk Mittersill
ElmTerm_virtual_0175,110.0,AT322,AT32,virtual terminal
ElmTerm_virtual_0176,110.0,AT322,AT32,virtual terminal
ElmTerm_0343,110.0,AT322,AT32,Umspannwerk Hinterglemm
ElmTerm_0007,380.0,AT126,AT12,Umspannwerk Bisamberg
ElmTerm_0240,110.0,AT315,AT31,Umspannwerk Unterach
ElmTerm_0349,110.0,AT127,AT12,Umspannwerk Sarasdorf
ElmTerm_virtual_0177,110.0,AT127,AT12,virtual terminal
ElmTerm_virtual_0178,110.0,AT312,AT31,virtual terminal
ElmTerm_0217,110.0,AT312,AT31,Umspannwerk Kleinmünchen
ElmTerm_0049,110.0,AT312,AT31,Umspannwerk FHKW Linz-Süd
ElmTerm_0078,380.0,AT322,AT32,Umspannwerk Tauern
ElmTerm_0075,380.0,AT322,AT32,Umspannwerk Kaprun
ElmTerm_virtual_0179,380.0,AT322,AT32,virtual terminal
ElmTerm_0480,380.0,AT322,AT32,Umspannwerk Schwarzenbach
ElmTerm_0432,380.0,AT333,AT33,Umspannwerk Lienz
ElmTerm_0351,110.0,AT322,AT32,Umspannwerk Maishofen
ElmTerm_virtual_0180,110.0,AT335,AT33,virtual terminal
ElmTerm_0054,110.0,AT323,AT32,Umspannwerk Taxach
ElmTerm_virtual_0181,110.0,AT342,AT34,virtual terminal
ElmTerm_virtual_0182,110.0,AT342,AT34,virtual terminal
ElmTerm_virtual_0183,110.0,AT342,AT34,virtual terminal
ElmTerm_virtual_0163,220.0,AT342,AT34,virtual terminal
ElmTerm_tieline_0015,110.0,TL,TL,tieline terminal
ElmTerm_0166,110.0,AT342,AT34,Umspannwerk Hörbranz
ElmTerm_virtual_0184,110.0,AT342,AT34,virtual terminal
ElmTerm_virtual_0185,110.0,AT342,AT34,virtual terminal
ElmTerm_virtual_0186,110.0,AT342,AT34,virtual terminal
ElmTerm_virtual_0187,110.0,AT341,AT34,virtual terminal
ElmTerm_0080,110.0,AT342,AT34,Umspannwerk Vorderwald
ElmTerm_0357,110.0,AT341,AT34,Umspannwerk Andelsbuch
ElmTerm_0386,110.0,AT342,AT34,Umspannwerk Haselstauden
ElmTerm_0618,110.0,AT315,AT31,floating end terminal
ElmTerm_virtual_0188,110.0,AT315,AT31,virtual terminal
ElmTerm_0619,110.0,AT315,AT31,floating end terminal
ElmTerm_virtual_0189,110.0,AT315,AT31,virtual terminal
ElmTerm_0620,110.0,AT315,AT31,floating end terminal
ElmTerm_0621,110.0,AT315,AT31,floating end terminal
ElmTerm_0214,220.0,AT312,AT31,Umspannwerk Hausruck
ElmTerm_0586,220.0,AT311,AT31,added terminal voltage
ElmTerm_virtual_0190,110.0,AT222,AT22,virtual terminal
ElmTerm_0280,110.0,AT222,AT22,Umspannwerk Hieflau
ElmTerm_virtual_0191,110.0,AT222,AT22,virtual terminal
ElmTerm_0622,110.0,AT222,AT22,floating end terminal
ElmTerm_0298,110.0,AT124,AT12,Umspannwerk Groß-Gerungs
ElmTerm_0361,220.0,AT126,AT12, 
ElmTerm_0097,220.0,AT126,AT12,Umspannwerk Dürnrohr
ElmTerm_0004,110.0,AT127,AT12,Umspannwerk Bruck an der Leitha
ElmTerm_virtual_0193,220.0,AT112,AT11,virtual terminal
ElmTerm_tieline_0017,220.0,TL,TL,tieline terminal
ElmTerm_0175,220.0,AT213,AT21,Kraftwerk Edling
ElmTerm_0134,220.0,AT213,AT21,Umspannwerk Obersielach
ElmTerm_virtual_0143,380.0,AT123,AT12,virtual terminal
ElmTerm_0366,110.0,AT123,AT12,Umspannwerk Herzogenburg
ElmTerm_virtual_0194,110.0,AT123,AT12,virtual terminal
ElmTerm_0194,110.0,AT122,AT12,Umspannwerk Traisen
ElmTerm_0545,110.0,AT126,AT12, 
ElmTerm_virtual_0195,110.0,AT126,AT12,virtual terminal
ElmTerm_virtual_0196,220.0,AT130,AT13,virtual terminal
ElmTerm_0368,110.0,AT341,AT34,Umspannwerk Nenzing
ElmTerm_virtual_0197,110.0,AT341,AT34,virtual terminal
ElmTerm_0151,110.0,AT212,AT21,Umspannwerk Steinfeld
ElmTerm_0587,110.0,AT332,AT33,added terminal voltage
ElmTerm_0085,110.0,AT332,AT33,Umspannwerk Steinach
ElmTerm_0371,110.0,AT311,AT31, 
ElmTerm_0449,110.0,AT311,AT31,Umspannwerk Wagenham
ElmTerm_0623,110.0,AT311,AT31,floating end terminal
ElmTerm_0236,110.0,AT122,AT12,Umspannwerk Ebenfurth
ElmTerm_0541,110.0,AT121,AT12,Umspannwerk Gaming
ElmTerm_0384,110.0,AT341,AT34,Umspannwerk Vermuntwerk
ElmTerm_virtual_0198,110.0,AT341,AT34,virtual terminal
ElmTerm_virtual_0199,110.0,AT121,AT12,virtual terminal
ElmTerm_0387,110.0,AT126,AT12,Umspannwerk Bockfließ
ElmTerm_0267,110.0,AT126,AT12,Umspannwerk Gänserndorf
ElmTerm_virtual_0200,110.0,AT126,AT12,virtual terminal
ElmTerm_0032,110.0,AT126,AT12,Umspannwerk Eibesbrunn
ElmTerm_0318,110.0,AT334,AT33,Umspannwerk Sölden
ElmTerm_virtual_0066,110.0,AT342,AT34,virtual terminal
ElmTerm_0388,110.0,AT342,AT34,Umspannwerk Hohenems
ElmTerm_virtual_0201,110.0,AT121,AT12,virtual terminal
ElmTerm_0051,110.0,AT315,AT31,Umspannwerk Steyrermühl
ElmTerm_virtual_0202,110.0,AT315,AT31,virtual terminal
ElmTerm_tieline_0019,220.0,TL,TL,tieline terminal
ElmTerm_tieline_0020,220.0,TL,TL,tieline terminal
ElmTerm_virtual_0151,110.0,AT224,AT22,virtual terminal
ElmTerm_virtual_0203,110.0,AT224,AT22,virtual terminal
ElmTerm_virtual_0204,110.0,AT225,AT22,virtual terminal
ElmTerm_0624,110.0,AT225,AT22,floating end terminal
ElmTerm_virtual_0205,110.0,AT322,AT32,virtual terminal
ElmTerm_0084,110.0,AT123,AT12,Umspannwerk Neulengbach
ElmTerm_virtual_0192,110.0,AT123,AT12,virtual terminal
ElmTerm_0505,110.0,AT122,AT12,Umspannwerk Pottenstein
ElmTerm_virtual_0206,110.0,AT122,AT12,virtual terminal
ElmTerm_virtual_0207,110.0,AT122,AT12,virtual terminal
ElmTerm_virtual_0208,110.0,AT112,AT11,virtual terminal
ElmTerm_virtual_0209,110.0,AT112,AT11,virtual terminal
ElmTerm_0588,220.0,AT112,AT11,added terminal voltage
ElmTerm_0494,110.0,AT130,AT13,Umspannwerk Leopoldau
ElmTerm_0072,110.0,AT126,AT12,Umspannwerk Gerasdorf
ElmTerm_virtual_0210,110.0,AT126,AT12,virtual terminal
ElmTerm_virtual_0211,110.0,AT121,AT12,virtual terminal
ElmTerm_0398,110.0,AT121,AT12,Umspannwerk Wieselburg
ElmTerm_0146,110.0,AT211,AT21,Umspannwerk Fürnitz
ElmTerm_0145,110.0,AT211,AT21,Umspannwerk Gailitz
ElmTerm_0464,110.0,AT211,AT21,Umspannwerk Auen
ElmTerm_tieline_0021,220.0,TL,TL,tieline terminal
ElmTerm_0118,220.0,AT342,AT34,Umspannwerk Werben - Dornbirn
ElmTerm_virtual_0212,110.0,AT223,AT22,virtual terminal
ElmTerm_0402,110.0,AT223,AT22,Umspannwerk Büchsengut
ElmTerm_0109,110.0,AT223,AT22,Umspannwerk Bruck an der Mur
ElmTerm_virtual_0213,110.0,AT223,AT22,virtual terminal
ElmTerm_virtual_0214,110.0,AT213,AT21,virtual terminal
ElmTerm_virtual_0215,110.0,AT213,AT21,virtual terminal
ElmTerm_0420,110.0,AT213,AT21,Umspannwerk Gurk
ElmTerm_0525,110.0,AT213,AT21,UW Sankt Leonhard
ElmTerm_0403,110.0,AT226,AT22,Umspannwerk Teufenbach
ElmTerm_0210,110.0,AT226,AT22,Umspannwerk Bodendorf
ElmTerm_0409,110.0,AT213,AT21,Umspannwerk Ettendorf
ElmTerm_0509,110.0,AT213,AT21,Kraftwerk Koralpe
ElmTerm_0135,110.0,AT213,AT21,Umspannwerk Obersielach
ElmTerm_0287,110.0,AT223,AT22,Umspannwerk Mürzzuschlag
ElmTerm_0277,110.0,AT223,AT22,Umspannwerk Trofeng
ElmTerm_tieline_0022,220.0,TL,TL,tieline terminal
ElmTerm_0359,380.0,AT130,AT13,Umspannwerk Süd
ElmTerm_0022,380.0,AT130,AT13,Umspannwerk Kendlerstraße
ElmTerm_0411,380.0,AT130,AT13,Umspannwerk Simmering
ElmTerm_0627,110.0,AT322,AT32,floating end terminal
ElmTerm_virtual_0216,110.0,AT126,AT12,virtual terminal
ElmTerm_virtual_0217,110.0,AT125,AT12,virtual terminal
ElmTerm_0263,110.0,AT125,AT12,Umspannwerk Laa an der Thaya
ElmTerm_0485,110.0,AT125,AT12,Umspannwerk Peigarten
ElmTerm_virtual_0218,110.0,AT123,AT12,virtual terminal
ElmTerm_0486,110.0,AT123,AT12,Umspannwerk Stollhofen
ElmTerm_virtual_0219,110.0,AT213,AT21,virtual terminal
ElmTerm_0148,110.0,AT211,AT21,Umspannwerk Windischbach
ElmTerm_virtual_0220,110.0,AT213,AT21,virtual terminal
ElmTerm_virtual_0221,110.0,AT221,AT22,virtual terminal
ElmTerm_0454,110.0,AT224,AT22,Umspannwerk Pinggau
ElmTerm_0122,110.0,AT225,AT22,Umspannwerk Leibnitz
ElmTerm_0315,110.0,AT224,AT22,Umspannwerk Merkendorf
ElmTerm_virtual_0222,110.0,AT225,AT22,virtual terminal
ElmTerm_0628,110.0,AT225,AT22,floating end terminal
ElmTerm_virtual_0223,110.0,AT225,AT22,virtual terminal
ElmTerm_0557,110.0,AT225,AT22,Umspannwerk Retznei
ElmTerm_0218,110.0,AT223,AT22,Umspannwerk Kapfenberg
ElmTerm_virtual_0224,110.0,AT223,AT22,virtual terminal
ElmTerm_0288,110.0,AT223,AT22,Umspannwerk Hadersdorf
ElmTerm_0426,110.0,AT226,AT22,Umspannwerk Fisching
ElmTerm_virtual_0225,110.0,AT226,AT22,virtual terminal
ElmTerm_0157,110.0,AT333,AT33,UW Kienburg
ElmTerm_0158,110.0,AT333,AT33,KW Kalserbach
ElmTerm_0434,110.0,AT333,AT33,Umspannwerk Lienz
ElmTerm_virtual_0226,110.0,AT335,AT33,virtual terminal
ElmTerm_0430,110.0,AT335,AT33,Umspannwerk Brixen
ElmTerm_0568,110.0,AT124,AT12,Umspannwerk Japons
ElmTerm_virtual_0227,110.0,AT211,AT21,virtual terminal
ElmTerm_0571,110.0,AT333,AT33,manually added
ElmTerm_0448,220.0,AT211,AT21,Umspannwerk Greuth
ElmTerm_0129,220.0,AT212,AT21,Malta Hauptstufe
ElmTerm_0629,110.0,AT333,AT33,floating end terminal
ElmTerm_0589,110.0,AT342,AT34,added terminal voltage
ElmTerm_virtual_0228,110.0,AT342,AT34,virtual terminal
ElmTerm_0046,110.0,AT342,AT34,Umspannwerk Frastanz
ElmTerm_virtual_0229,110.0,AT342,AT34,virtual terminal
ElmTerm_0018,110.0,AT342,AT34,Umspannwerk Brederis
ElmTerm_virtual_0230,110.0,AT342,AT34,virtual terminal
ElmTerm_0437,110.0,AT342,AT34,Umspannwerk Götzis
ElmTerm_tieline_0023,110.0,TL,TL,tieline terminal
ElmTerm_virtual_0231,110.0,AT126,AT12,virtual terminal
ElmTerm_0444,110.0,AT126,AT12,Umspannwerk Schönkirchen
ElmTerm_0461,110.0,AT127,AT12,Umspannwerk Baden
ElmTerm_0253,110.0,AT313,AT31,Umspannwerk Wallsee
ElmTerm_0446,110.0,AT313,AT31,Umspannwerk Baumgartenberg
ElmTerm_tieline_0025,110.0,TL,TL,tieline terminal
ElmTerm_0590,110.0,AT211,AT21,added terminal voltage
ElmTerm_0512,220.0,AT211,AT21,Villach Süd
ElmTerm_virtual_0233,110.0,AT221,AT22,virtual terminal
ElmTerm_0630,110.0,AT221,AT22,floating end terminal
ElmTerm_0242,110.0,AT315,AT31,Umspannwerk Strobl
ElmTerm_0631,110.0,AT323,AT32,floating end terminal
ElmTerm_virtual_0234,110.0,AT323,AT32,virtual terminal
ElmTerm_0435,110.0,AT312,AT31,Umspannwerk Wels Nord
ElmTerm_0413,110.0,AT312,AT31,Umspannwerk Wels FHKW
ElmTerm_0211,110.0,AT312,AT31,Umspannwerk Eferding
ElmTerm_0410,110.0,AT312,AT31,Umspannwerk Linz-Industrie
ElmTerm_0450,110.0,AT312,AT31,Umspannwerk Enns-Industrie
ElmTerm_virtual_0235,110.0,AT312,AT31,virtual terminal
ElmTerm_virtual_0236,110.0,AT221,AT22,virtual terminal
ElmTerm_0460,110.0,AT121,AT12, 
ElmTerm_0542,110.0,AT127,AT12,Umspannwerk Mannersdorf
ElmTerm_virtual_0237,110.0,AT127,AT12,virtual terminal
ElmTerm_0591,220.0,AT311,AT31,added terminal voltage
ElmTerm_0498,110.0,AT125,AT12,Umspannwerk Gaweinstal
ElmTerm_virtual_0238,110.0,AT333,AT33,virtual terminal
ElmTerm_0632,110.0,AT333,AT33,floating end terminal
ElmTerm_0479,110.0,AT126,AT12,Umspannwerk Tulln-West
ElmTerm_virtual_0239,110.0,AT122,AT12,virtual terminal
ElmTerm_0481,110.0,AT322,AT32,Umspannwerk Schwarzenbach
ElmTerm_0635,110.0,AT322,AT32,floating end terminal
ElmTerm_0296,110.0,AT111,AT11,Umspannwerk Deutschkreutz
ElmTerm_0290,110.0,AT111,AT11,Umspannwerk Oberpullendorf
ElmTerm_0483,110.0,AT224,AT22,Umspannwerk Halbenrain
ElmTerm_0445,110.0,AT112,AT11,Umspannwerk Andau
ElmTerm_virtual_0240,110.0,AT123,AT12,virtual terminal
ElmTerm_0484,110.0,AT123,AT12,Umspannwerk Wilhelmsburg
ElmTerm_virtual_0241,110.0,AT122,AT12,virtual terminal
ElmTerm_0344,110.0,AT122,AT12,Umspannwerk Waldegg
ElmTerm_0352,110.0,AT221,AT22,Umspannwerk Webling
ElmTerm_virtual_0242,110.0,AT226,AT22,virtual terminal
ElmTerm_0487,110.0,AT226,AT22,Umspannwerk Pöls
ElmTerm_0397,110.0,AT126,AT12,Umspannwerk Korneuburg
ElmTerm_tieline_0027,110.0,TL,TL,tieline terminal
ElmTerm_virtual_0243,110.0,AT124,AT12,virtual terminal
ElmTerm_0104,110.0,AT124,AT12,Umspannwerk Langenlois
ElmTerm_virtual_0244,110.0,AT122,AT12,virtual terminal
ElmTerm_0475,110.0,AT122,AT12,Umspannwerk Neuhaus
ElmTerm_0592,110.0,AT130,AT13,added terminal voltage
ElmTerm_0074,110.0,AT130,AT13,Umspannwerk Schmelz
ElmTerm_virtual_0245,110.0,AT130,AT13,virtual terminal
ElmTerm_0045,110.0,AT130,AT13,Umspannwerk Handelskai
ElmTerm_0088,110.0,AT332,AT33,Umspannwerk Mitte
ElmTerm_0495,110.0,AT130,AT13,Umspannwerk Michelbeuern
ElmTerm_0640,110.0,AT130,AT13,floating end terminal
ElmTerm_0473,110.0,AT130,AT13,Umspannwerk Kagran
ElmTerm_0440,110.0,AT130,AT13,Umspannwerk Stadlau
ElmTerm_0513,110.0,AT211,AT21,Villach Süd
ElmTerm_virtual_0246,110.0,AT221,AT22,virtual terminal
ElmTerm_0273,110.0,AT125,AT12,Umspannwerk Neusiedl an der Zaya
ElmTerm_virtual_0247,110.0,AT313,AT31,virtual terminal
ElmTerm_0071,110.0,AT313,AT31,Umspannwerk Freistadt
ElmTerm_0575,380.0,AT130,AT13,added terminal voltage
ElmTerm_0019,380.0,AT130,AT13,Umspannwerk Wien Nord
ElmTerm_0642,110.0,AT212,AT21,floating end terminal
ElmTerm_0003,110.0,AT212,AT21, 
ElmTerm_0643,110.0,AT212,AT21,floating end terminal
ElmTerm_0644,110.0,AT212,AT21,floating end terminal
ElmTerm_0001,110.0,AT212,AT21, 
ElmTerm_0645,110.0,AT212,AT21,floating end terminal
ElmTerm_0002,220.0,AT212,AT21, 
ElmTerm_0647,220.0,AT212,AT21,floating end terminal
ElmTerm_0648,220.0,AT212,AT21,floating end terminal
ElmTerm_0144,110.0,AT211,AT21,Umspannwerk Seebach
ElmTerm_virtual_0249,110.0,AT334,AT33,virtual terminal
ElmTerm_0504,110.0,AT334,AT33,UW Tobadill
ElmTerm_0514,110.0,AT121,AT12,Umspannwerk Loosdorf
ElmTerm_virtual_0250,110.0,AT121,AT12,virtual terminal
ElmTerm_0441,110.0,AT211,AT21,Klagenfurt Nord
ElmTerm_0421,110.0,AT213,AT21,Umspannwerk Wietersdorf
ElmTerm_0226,110.0,AT335,AT33,Umspannwerk Kufstein
ElmTerm_virtual_0103,110.0,AT335,AT33,virtual terminal
ElmTerm_0005,220.0,AT335,AT33,Umspannwerk Kirchbichl
ElmTerm_0112,220.0,AT112,AT11,Umspannwerk Neusiedl
ElmTerm_virtual_0258,110.0,AT121,AT12,virtual terminal
ElmTerm_0528,110.0,AT121,AT12,Umspannwerk Pyburg
ElmTerm_virtual_0259,110.0,AT332,AT33,virtual terminal
ElmTerm_virtual_0260,380.0,AT126,AT12,virtual terminal
ElmTerm_virtual_0261,380.0,AT126,AT12,virtual terminal
ElmTerm_virtual_0262,380.0,AT126,AT12,virtual terminal
ElmTerm_0271,380.0,AT125,AT12,Umspannwerk Neusiedl an der Zaya
ElmTerm_0272,220.0,AT125,AT12,Umspannwerk Neusiedl an der Zaya
ElmTerm_0656,220.0,AT125,AT12,floating end terminal
ElmTerm_virtual_0265,110.0,AT126,AT12,virtual terminal
ElmTerm_0517,110.0,AT126,AT12,Umspannwerk Prottes
ElmTerm_0327,110.0,AT312,AT31,Umspannwerk Linz-Zentrum
ElmTerm_0316,110.0,AT221,AT22,Umspannwerk Graz-Ost
ElmTerm_0116,110.0,AT221,AT22,Umspannwerk Keplerbrücke
ElmTerm_0346,110.0,AT221,AT22,Umspannwerk Graz-West
ElmTerm_0558,110.0,AT221,AT22,Umspannwerk Pirka
ElmTerm_virtual_0266,380.0,AT126,AT12,virtual terminal
ElmTerm_virtual_0267,110.0,AT121,AT12,virtual terminal
ElmTerm_0537,110.0,AT126,AT12,Umspannwerk Baumgarten
ElmTerm_0658,110.0,AT314,AT31,floating end terminal
ElmTerm_virtual_0268,110.0,AT315,AT31,virtual terminal
ElmTerm_virtual_0269,110.0,AT313,AT31,virtual terminal
ElmTerm_0659,110.0,AT313,AT31,floating end terminal
ElmTerm_0518,110.0,AT126,AT12,Umspannwerk Untersiebenbrunn
ElmTerm_0548,110.0,AT312,AT31,Umspannwerk Wels Mitte
ElmTerm_0391,110.0,AT312,AT31,Umspannwerk Hütte Nord
ElmTerm_0538,110.0,AT312,AT31,Umspannwerk Linz-City
ElmTerm_virtual_0270,110.0,AT112,AT11,virtual terminal
ElmTerm_virtual_0271,110.0,AT112,AT11,virtual terminal
ElmTerm_0396,110.0,AT122,AT12,Umspannwerk Schöller
ElmTerm_0593,110.0,AT226,AT22,added terminal voltage
ElmTerm_0469,110.0,AT223,AT22,Umspannwerk Leoben-West
ElmTerm_0225,110.0,AT111,AT11,Umspannwerk Markt Sankt Martin
ElmTerm_0559,110.0,AT342,AT34,Umspannwerk Vorkloster
ElmTerm_0451,110.0,AT342,AT34,Umspannwerk Dornbirn Süd
ElmTerm_0466,220.0,AT341,AT34,Schaltanlage Kopswerk I
ElmTerm_0319,110.0,AT342,AT34,Umspannwerk Weiler - Klaus
ElmTerm_0491,110.0,AT342,AT34,Umspannwerk Hard
ElmTerm_0562,110.0,AT221,AT22,Umspannwerk Magna
ElmTerm_0497,110.0,AT126,AT12,Umspannwerk Klosterneuburg
ElmTerm_0474,110.0,AT211,AT21,Klagenfurt West
ElmTerm_0360,110.0,AT130,AT13,Umspannwerk Süd
ElmTerm_0566,110.0,AT130,AT13,Umspannwerk Speising
ElmTerm_virtual_0264,110.0,AT223,AT22,virtual terminal
ElmTerm_0103,220.0,AT121,AT12,Umspannwerk Ybbs Persenbeug
ElmTerm_0334,110.0,AT224,AT22,Umspannwerk Gosdorf
ElmTerm_0527,220.0,AT130,AT13,Umspannwerk Kledering
ElmTerm_virtual_0272,110.0,AT335,AT33,virtual terminal
ElmTerm_tieline_0029,380.0,TL,TL,tieline terminal
ElmTerm_tieline_0030,220.0,TL,TL,tieline terminal
ElmTerm_0169,110.0,AT321,AT32,Umspannwerk Lungau
ElmTerm_tieline_0031,380.0,TL,TL,tieline terminal
ElmTerm_0663,380.0,AT112,AT11,floating end terminal
ElmTerm_0307,110.0,AT121,AT12,Umspannwerk Grubberg
ElmTerm_virtual_0273,110.0,AT121,AT12,virtual terminal
ElmTerm_0024,380.0,AT121,AT12,Umspannwerk Ernsthofen
ElmTerm_0594,220.0,AT312,AT31,added terminal voltage
ElmTerm_0595,220.0,AT341,AT34,added terminal voltage
ElmTerm_virtual_0169,110.0,AT225,AT22,virtual terminal
ElmTerm_0114,220.0,AT122,AT12,Umspannwerk Ternitz
ElmTerm_0306,110.0,AT112,AT11,Umspannwerk Wimpassing
ElmTerm_0664,110.0,AT335,AT33,floating end terminal
ElmTerm_virtual_0274,110.0,AT211,AT21,virtual terminal
ElmTerm_virtual_0084,110.0,AT212,AT21,virtual terminal
ElmTerm_0358,110.0,AT211,AT21,Klagenfurt Ost
ElmTerm_virtual_0044,110.0,AT123,AT12,virtual terminal
ElmTerm_0195,110.0,AT222,AT22,Umspannwerk Haus
ElmTerm_virtual_0232,110.0,AT315,AT31,virtual terminal
ElmTerm_0389,110.0,AT315,AT31,Umspannwerk Vorchdorf
ElmTerm_0665,110.0,AT313,AT31,floating end terminal
ElmTerm_0364,110.0,AT112,AT11,Umspannwerk Pama
ElmTerm_virtual_0248,110.0,AT212,AT21,virtual terminal
ElmTerm_0156,110.0,AT333,AT33,UW Gruben
ElmTerm_0567,110.0,AT211,AT21, 
ElmTerm_0167,110.0,AT212,AT21,Spittal an der Drau
ElmTerm_virtual_0129,110.0,AT221,AT22,virtual terminal
ElmTerm_0330,110.0,AT341,AT34,Umspannwerk Bürs
ElmTerm_tieline_0003,380.0,TL,TL,tieline terminal
ElmTerm_0381,110.0,AT122,AT12,Umspannwerk Wöllersdorf
ElmTerm_0376,110.0,AT126,AT12,Umspannwerk Pressbaum
ElmTerm_0285,110.0,AT122,AT12,Umspannwerk Hart
ElmTerm_0379,110.0,AT212,AT21,Umspannwerk Innerfragant
ElmTerm_0120,110.0,AT127,AT12,Umspannwerk Deutsch-Altenburg
ElmTerm_0282,110.0,AT121,AT12,Umspannwerk Gerstl
ElmTerm_0646,110.0,AT212,AT21,floating end terminal
ElmTerm_0341,110.0,AT311,AT31, 
ElmTerm_tieline_0008,110.0,TL,TL,tieline terminal
ElmTerm_0110,380.0,AT113,AT11,Umspannwerk Südburgenland/Rotenturm
ElmTerm_0661,110.0,AT221,AT22,floating end terminal
ElmTerm_0414,110.0,AT122,AT12,Umspannwerk Wiener Neustadt Flugfeld
ElmTerm_0304,110.0,AT313,AT31, 
ElmTerm_0614,110.0,AT322,AT32,floating end terminal
ElmTerm_0294,110.0,AT113,AT11,Umspannwerk Pinkafeld
ElmTerm_0126,380.0,AT224,AT22,Umspannwerk Oststeiermark/Wünschendorf
ElmTerm_tieline_0012,380.0,TL,TL,tieline terminal
ElmTerm_0662,110.0,AT225,AT22,floating end terminal
ElmTerm_0427,380.0,AT335,AT33,Umspannwerk Zell am Ziller
ElmTerm_0355,110.0,AT342,AT34,Umspannwerk Gisingen
ElmTerm_0436,110.0,AT342,AT34,Umspannwerk Feldkirch
ElmTerm_tieline_0024,110.0,TL,TL,tieline terminal
ElmTerm_0089,380.0,AT124,AT12,Umspannwerk Theiß
ElmTerm_tieline_0016,380.0,TL,TL,tieline terminal
ElmTerm_tieline_0028,110.0,TL,TL,tieline terminal
ElmTerm_0094,110.0,AT333,AT33,UW Sillian
ElmTerm_0530,110.0,AT125,AT12,Schaltwerk Pernhofen
ElmTerm_0439,110.0,AT112,AT11,Umspannwerk Zurndorf
ElmTerm_0549,110.0,AT312,AT31,Umspannwerk WAV
ElmTerm_0633,110.0,AT322,AT32,floating end terminal
ElmTerm_0634,380.0,AT322,AT32,floating end terminal
ElmTerm_0515,380.0,AT130,AT13,Kabelüberführungsstation Schemmerlstraße
ElmTerm_tieline_0032,220.0,TL,TL,tieline terminal
ElmTerm_0197,110.0,AT223,AT22,Umspannwerk Donawitz-Nord
ElmTerm_0657,110.0,AT221,AT22,floating end terminal
ElmTerm_0552,110.0,AT112,AT11,Umspannwerk Bruckneudorf
ElmTerm_0596,220.0,AT342,AT34,added terminal voltage
